time_record,reviewurl,title
21分钟前,https://m.weibo.cn/status/4182256673182929,"【营业税，拜拜！1.7万亿的红包你有份吗<span class=""url-icon""><img src=""//h5.sinaimg.cn/m/emoticon/icon/default/d_xingxingyan-34ecaee809.png"" style=""width:1em;height:1em;"" alt=""[憧憬]""></span>】11月19日，国务院决定废止《中华人民共和国营业税暂行条例》，同时对《中华人民共和国增值税暂行条例》作出修改，这标志着实施60多年的营业税正式退出历史舞台。1.7万亿税负，一减没！2分钟带你看懂“营改增”！关乎你我生活，扩散！<a data-url=""http://t.cn/RY1SiD6"" href=""https://m.weibo.cn/p/index?containerid=2304444501d23a419a545932430edc95a64591&url_type=39&object_type=video&pos=1&luicode=10000011&lfid=1076032803301701&ep=FyvS3dm1z%2C2803301701%2CFyvS3dm1z%2C2803301701"" data-hide=""""><span class=""url-icon""><img src=""https://h5.sinaimg.cn/upload/2015/09/25/3/timeline_card_small_video_default.png""></span></i><span class=""surl-text"">中国政府网的秒拍视频</a> ​​​"
21分钟前,https://m.weibo.cn/status/4182256673182929,"【营业税，拜拜！1.7万亿的红包你有份吗<span class=""url-icon""><img src=""//h5.sinaimg.cn/m/emoticon/icon/default/d_xingxingyan-34ecaee809.png"" style=""width:1em;height:1em;"" alt=""[憧憬]""></span>】11月19日，国务院决定废止《中华人民共和国营业税暂行条例》，同时对《中华人民共和国增值税暂行条例》作出修改，这标志着实施60多年的营业税正式退出历史舞台。1.7万亿税负，一减没！2分钟带你看懂“营改增”！关乎你我生活，扩散！<a data-url=""http://t.cn/RY1SiD6"" href=""https://m.weibo.cn/p/index?containerid=2304444501d23a419a545932430edc95a64591&url_type=39&object_type=video&pos=1&luicode=10000011&lfid=1076032803301701&ep=FyvS3dm1z%2C2803301701%2CFyvS3dm1z%2C2803301701"" data-hide=""""><span class=""url-icon""><img src=""https://h5.sinaimg.cn/upload/2015/09/25/3/timeline_card_small_video_default.png""></span></i><span class=""surl-text"">中国政府网的秒拍视频</a> ​​​"
49分钟前,https://m.weibo.cn/status/4182249685218174,"【世人崇敬的国宝背后 匠心传承令人震撼】《千里江山图》传为北宋画家王希孟所作。时隔千年，长近12米的画卷上，青绿山水依然明艳夺目。然而，此画看似简单的渲染实则可能需画五遍方能成，而千年不褪色的传奇，依赖的则是国画颜料繁复的提取过程…转发，为国家宝藏的守护者们点赞！<a data-url=""http://t.cn/RYuPTo1"" href=""http://miaopai.com/show/cs0evWbvlo1yVYt5cG49MAUe85XwzkSr2-C7xA__.htm?containerid=2304426275ccf4f98bae601bc3e6f0107e6a29&showurl=http%3A%2F%2Fmiaopai.com%2Fshow%2Fcs0evWbvlo1yVYt5cG49MAUe85XwzkSr2-C7xA__.htm&url_open_direct=1&toolbar_hidden=1&url_type=39&object_type=video&pos=1&luicode=10000011&lfid=1076032803301701&ep=FyvGMlTu6%2C2803301701%2CFyvGMlTu6%2C2803301701"" data-hide=""""><span class=""url-icon""><img src=""https://h5.sinaimg.cn/upload/2015/09/25/3/timeline_card_small_video_default.png""></span></i><span class=""surl-text"">央视新闻的秒拍视频</a> ​​​"
1小时前,https://m.weibo.cn/status/4182242261740432,"【大雪，至此而雪盛也[雪]】时至大雪，乃入仲冬，天气愈加寒冷。先民常于此时企盼降雪，“大雪降大雪，瑞雪兆丰年”。戳视频↓↓提醒身边的TA，出门多穿点儿<span class=""url-icon""><img src=""//h5.sinaimg.cn/m/emoticon/icon/others/l_xin-8e9a1a0346.png"" style=""width:1em;height:1em;"" alt=""[心]""></span><a data-url=""http://t.cn/RYBg5pK"" href=""http://miaopai.com/show/mHxfj4Q1b3Z4-1OGPwqL5uo-TyeJgGDqkmVLww__.htm?containerid=230442c66aac5d2cf47d7dce56f9f76ead55b6&showurl=http%3A%2F%2Fmiaopai.com%2Fshow%2FmHxfj4Q1b3Z4-1OGPwqL5uo-TyeJgGDqkmVLww__.htm&url_open_direct=1&toolbar_hidden=1&url_type=39&object_type=video&pos=1&luicode=10000011&lfid=1076032803301701&ep=FyvuO7iLu%2C2803301701%2CFyvuO7iLu%2C2803301701"" data-hide=""""><span class=""url-icon""><img src=""https://h5.sinaimg.cn/upload/2015/09/25/3/timeline_card_small_video_default.png""></span></i><span class=""surl-text"">人民日报的秒拍视频</a> ​​​"
1小时前,https://m.weibo.cn/status/4182236591297662,"【又现校园霸凌！一女生在宿舍内被狂扇耳光 校长被降职】12月5日，湖南永州宁远县九嶷山中心校内，一名女生被同学狂扇耳光、掐脖子，宁远县教育局和公安部门介入调查。目前女生已送医治疗，身体无大碍。6日，县教育局通报称，此事因学生间小矛盾引发，对校长等多人免职、降职处理。<a data-url=""http://t.cn/RY1kxYv"" href=""http://miaopai.com/show/f7X-IakOp9BQuxFAs29h5KkSlRSFQLoyrFPz-A__.htm?containerid=2304427dfc44c34c0b19609657d2d23c747561&showurl=http%3A%2F%2Fmiaopai.com%2Fshow%2Ff7X-IakOp9BQuxFAs29h5KkSlRSFQLoyrFPz-A__.htm&url_open_direct=1&toolbar_hidden=1&url_type=39&object_type=video&pos=1&luicode=10000011&lfid=1076032803301701&ep=FyvlF5rA2%2C2803301701%2CFyvlF5rA2%2C2803301701"" data-hide=""""><span class=""url-icon""><img src=""https://h5.sinaimg.cn/upload/2015/09/25/3/timeline_card_small_video_default.png""></span></i><span class=""surl-text"">时间视频的秒拍视频</a> ​​​"
2小时前,https://m.weibo.cn/status/4182230035749918,【让出行更加便利！送你一份超实用乘机指南】又到年底，很多人选择坐飞机外出旅游、回家探亲。关于乘机，你知道民航有哪些新规定吗？化妆品、酒类物品是否可以带上飞机？托运行李限重是多少？哪些物品严禁携带？…今天，国际民航日，超实用乘机指南↓↓转发收藏，从此告别人在“囧”途！ ​​​
2小时前,https://m.weibo.cn/status/4182225782781822,【尘埃落定！特朗普正式宣布承认耶路撒冷为以色列首都】美国总统特朗普6日宣布承认耶路撒冷为以色列首都，并将启动美驻以使馆从特拉维夫迁往耶路撒冷的进程。此举引发国际社会严重关切和普遍反对。国际社会普遍担忧此举将增加中东地区的不稳定性。 ​​​
2小时前,https://m.weibo.cn/status/4182222489580167,【今日，大雪[雪]】①今天6时33分，大雪节气到来；②大雪，十一月节，至此而雪盛也；③“大雪冬至后，篮装水不漏”，大部分地区最低温度降到0℃或以下；④“瑞雪兆丰年”：积雪可储存作物来年生长所需水分；⑤“晨起服热粥，晚餐宜节食”，应多喝水、食温补、常喝粥…新年不远了，你期待吗？ ​​​
3小时前,https://m.weibo.cn/status/4182214940026605,【别做那个读书太少，却想得太多的人】每天沉浸在刷朋友圈中无法自拔，看着一些碎片化的“知识”一知半解，就以为自己懂了好多；每次都在打折时买了许多书，却堆在一旁一本都没拆封…你常说没时间，可你真的那么忙吗？腹有诗书气自华，关于阅读的9个建议↓沉浸于书中的时光，会沉淀，会发光。早安。 ​​​
10小时前,https://m.weibo.cn/status/4182103862306227,【<a class='k' href='https://m.weibo.cn/k/%E4%BD%A0%E5%A5%BD%EF%BC%8C%E6%98%8E%E5%A4%A9?from=feed'>#你好，明天#</a>】西成高铁正式通车，陕川蜀道阔步迈入高铁时代。3个多小时车程，让“早上西安肉夹馍、中午成都涮火锅”，还略显宽余。3小时生活圈，将西南与西北几大城市，紧握在一起，把四川这个“高铁孤岛”揽入全国高铁网。行路难，行路难，多歧路，今安在？高铁高开高走，发展必有更多坦途。 ​​​
10小时前,https://m.weibo.cn/status/4182098799678566,"【夜读：30岁了，20岁的借口不能用了】经常有人说不想长大，可老天不会因为你不愿意，就不让你长大。随着年龄的增长，人们对你的期望越来越高。岁数长了，脑子和见识却没长，是件挺可怕的事。该懂的事儿你不懂，该明白的道理你不明白，别人就觉得你是在撒泼耍赖。年纪越大，越没人原谅你的不成熟。  ​​​...<a href=""/status/4182098799678566"">全文</a>"
12-05,https://m.weibo.cn/status/4181697316868077,"【慢！慢！慢！母亲在生命最后一刻喊出三个字<span class=""url-icon""><img src=""//h5.sinaimg.cn/m/emoticon/icon/others/l_shangxin-84ce9f2779.png"" style=""width:1em;height:1em;"" alt=""[伤心]""></span>开车的儿子，正在一旁聊微信...】2日，G15沈海高速发生一起事故。事发时驾驶员相某正在聊微信，在距前车约5米时，同乘的母亲大声提醒“慢！慢！慢！&quot;，相某反应过来却为时已晚，驾车追尾，其母抢救无效死亡。<a data-url=""http://t.cn/RYEHtGq"" target=""_blank"" href=""https://weibo.cn/sinaurl/blocked6d4a181b?url_type=39&object_type=webpage&pos=1&luicode=10000011&lfid=1076032803301701&u=http%3A%2F%2Fhzdaily.hangzhou.com.cn%2Fdskb%2F2017%2F12%2F05%2Farticle_detail_2_20171205A141.html%3Furl_type%3D39%26object_type%3Dwebpage%26pos%3D1&ep=FyhjRsOHr%2C2803301701%2CFyhjRsOHr%2C2803301701"" class=""""><span class=""url-icon""><img src=""//h5.sinaimg.cn/upload/2015/09/25/3/timeline_card_small_web_default.png""></span></i><span class=""surl-text"">“慢！慢！慢！”母亲生命最后一刻 只来得及对儿子喊出这三个字</a>开车不玩手机，转！ ​​​"
12-05,https://m.weibo.cn/status/4181689263845899,"【厉害了！大妈耗时两年 用瓜子壳做出13米长清明上河图<span class=""url-icon""><img src=""//h5.sinaimg.cn/m/emoticon/icon/doraemon/dr_chijing-709027feca.png"" style=""width:1em;height:1em;"" alt=""[哆啦A梦吃惊]""></span>】住在北京昌平区南口镇的刘阿姨，用瓜子壳为主材料，25年间制作40幅左右精美贴画，其中有一组长达13米的清明上河图。阿姨说“我那天吃了一地瓜子壳，晚上梦到瓜子壳连成了一幅画。你有这个梦想，就不懈追随。”<a data-url=""http://t.cn/RYR5czV"" href=""http://miaopai.com/show/uZ-6oW0jlN~3ccPlmpU3QYgLVYFGmkEPG05K4A__.htm?containerid=230442ccf581185013517f7a0ffd126532d086&showurl=http%3A%2F%2Fmiaopai.com%2Fshow%2FuZ-6oW0jlN%7E3ccPlmpU3QYgLVYFGmkEPG05K4A__.htm&url_open_direct=1&toolbar_hidden=1&url_type=39&object_type=video&pos=1&luicode=10000011&lfid=1076032803301701&ep=Fyh6Sg8uD%2C2803301701%2CFyh6Sg8uD%2C2803301701"" data-hide=""""><span class=""url-icon""><img src=""https://h5.sinaimg.cn/upload/2015/09/25/3/timeline_card_small_video_default.png""></span></i><span class=""surl-text"">新京报我们视频的秒拍视频</a> ​​​"
12-05,https://m.weibo.cn/status/4181681630465771,"【TED演讲：跳出舒适区去生活】Amy Purdy在11年前失去了双脚，也陷入了对人生的迷茫。但她没有失去希望，而是依靠自己的想象力去寻找各种可能性，超越所有阻碍。想象力就藏在我们的意识深处，当跳出舒适区，它就能使我们做任何事，成为任何人，更让我们走得更远。<a data-url=""http://t.cn/RYVt0D9"" href=""https://m.weibo.cn/p/index?containerid=230444201aa959f19267acd3a513d41ade565f&url_type=39&object_type=video&pos=1&luicode=10000011&lfid=1076032803301701&ep=FygUz1Xar%2C2803301701%2CFygUz1Xar%2C2803301701"" data-hide=""""><span class=""url-icon""><img src=""https://h5.sinaimg.cn/upload/2015/09/25/3/timeline_card_small_video_default.png""></span></i><span class=""surl-text"">TED君学演讲的秒拍视频</a> ​​​"
12-05,https://m.weibo.cn/status/4181664810154811,【火锅这么吃，美味又健康】①加些白莲：有利于均衡营养，清心泻火；②放些豆腐：不仅能补充多种微量元素的摄入，还可以清热泻火、除烦止渴；③放点生姜：火锅内放点不去皮的生姜，能调味、抗寒，散火除热；④调味料要清淡：使用酱油、麻油等较清淡的佐料，可避免对肠胃的刺激。更多↓
12-05,https://m.weibo.cn/status/4181655415774784,【教育孩子，家长自己也要避免这些坏习惯】①脾气大，随时发；②没有礼貌，“出口成脏”；③说谎，甚至为自己的谎言沾沾自喜；④做事拖拉，没有时间观；⑤不遵守交通规则，不遵守公共秩序；⑥整天对着手机或电脑；⑦从不读书；⑧不爱运动。父母要以身作则，给孩子树立最好的榜样！
12-05,https://m.weibo.cn/status/4181646779708924,"【美味炒虾仁<span class=""url-icon""><img src=""//h5.sinaimg.cn/m/emoticon/icon/default/d_chanzui-ad3f4f182c.png"" style=""width:1em;height:1em;"" alt=""[馋嘴]""></span>】超级美味的一道菜，老幼皆宜，味道鲜美爽口，营养丰富~吃货们马住试试吧<span class=""url-icon""><img src=""//h5.sinaimg.cn/m/emoticon/icon/default/d_xingxingyan-34ecaee809.png"" style=""width:1em;height:1em;"" alt=""[憧憬]""></span>（天天美食推荐） ​​​"
12-05,https://m.weibo.cn/status/4181639212406127,"【<a class='k' href='https://m.weibo.cn/k/%E4%BA%BA%E6%B0%91%E7%9B%B4%E6%92%AD?from=feed'>#人民直播#</a>：互联网下半场，搜狐如何大爆发？】互联网大会于12月3日至5日在浙江乌镇举行。<a href='https://m.weibo.cn/n/人民日报'>@人民日报</a> 推出特别报道，今天下午搜狐创始人张朝阳做客<a class='k' href='https://m.weibo.cn/k/%E5%A4%A7%E5%92%96%E6%9C%89%E8%AF%9D?from=feed'>#大咖有话#</a>，互联网下半场，搜狐如何大爆发？跟我们一起来听张朝阳怎么讲↓↓共同关注！ <a data-url=""http://t.cn/RYRrlpx"" href=""https://m.weibo.cn/feature/download/index?container_id=2313712914fabf3441cca15c9cb2653331fe30&room_id=1042152%3A2914fabf3441cca15c9cb2653331fe30&width=800&height=450&cover=https%3A%2F%2Fwx3.sinaimg.cn%2Flarge%2Fa716fd45ly1fm5zpysx5cj20ku0bm7ag.jpg&livetype=&to=media&url_type=39&object_type=live&pos=1&luicode=10000011&lfid=1076032803301701&ep=FyfO9a5Wv%2C2803301701%2CFyfO9a5Wv%2C2803301701"" data-hide=""""><span class=""url-icon""><img src=""https://h5.sinaimg.cn/upload/2015/09/25/3/timeline_card_small_video_default.png""></span></i><span class=""surl-text"">人民日报的微博直播</a> . ​​​"
12-05,https://m.weibo.cn/status/4181633932344204,"中国古代匠人发明的榫卯结构，不用一根钉子，也能做出一把牢固美观的椅子！手工的过程好迷人，为老祖宗的智慧点赞！<a data-url=""http://t.cn/RlmCIUp"" href=""http://miaopai.com/show/H1ofl4KWmAIvkTUYL~AZHAUq4s3CJW43UDId7g__.htm?containerid=230442ab47c4175b9b78e999df773114f808da&showurl=http%3A%2F%2Fmiaopai.com%2Fshow%2FH1ofl4KWmAIvkTUYL%7EAZHAUq4s3CJW43UDId7g__.htm&url_open_direct=1&toolbar_hidden=1&url_type=39&object_type=video&pos=1&luicode=10000011&lfid=1076032803301701&ep=FyfFD9PPK%2C2803301701%2CFyfFD9PPK%2C2803301701"" data-hide=""""><span class=""url-icon""><img src=""https://h5.sinaimg.cn/upload/2015/09/25/3/timeline_card_small_video_default.png""></span></i><span class=""surl-text"">匠仓的秒拍视频</a> ​​​"
12-05,https://m.weibo.cn/status/4181624821771882,"【教育部：高中纳入义务教育条件不具备 取消中考不属实】今天，教育部基础教育司负责人表示：①现阶段不可能将九年义务教育升级为十二年制；②“中考将取消”不属实。改革推行初中学业水平考试，并不是取消中考，而是将初中毕业考试和高中招生考试合二为一，避免多次考试。<a data-url=""http://t.cn/RYRobc5"" target=""_blank"" href=""https://weibo.cn/sinaurl/blockede07c9c0f?luicode=10000011&lfid=1076032803301701&u=http%3A%2F%2Fwww.moe.gov.cn%2Fjyb_xwfb%2Fgzdt_gzdt%2Fs5987%2F201712%2Ft20171205_320606.html&ep=FyfqW7qWK%2C2803301701%2CFyfqW7qWK%2C2803301701"" class=""""><span class=""url-icon""><img src=""//h5.sinaimg.cn/upload/2015/09/25/3/timeline_card_small_web_default.png""></span></i><span class=""surl-text"">网页链接</a> ​​​"
12-05,https://m.weibo.cn/status/4181617398212102,【赠人玫瑰，手有余香】①截至2016年底，全国注册志愿者人数达6136万；②全国志愿服务团体342065个；③全国志愿者累计服务时间5.79亿小时，人均13.85小时；③青年志愿服务组织数最多，占比高达62.11%…志愿服务是一种精神，也是一种行动。只要愿意伸出手，你也是志愿者！你愿意加入吗？
昨天 08:32,https://m.weibo.cn/status/4181875734115668,"【<a class='k' href='https://m.weibo.cn/k/%E4%BA%BA%E6%B0%91%E7%9B%B4%E6%92%AD?from=feed'>#人民直播#</a>：西成高铁正式开通！跟随首批乘客跨两地】西安到成都高铁近日正式开通。记者分别在成都到西安、西安到成都的首发列车上为网友带来实时直播。跟着直播一起穿越秦岭，看高铁为大熊猫，朱鹮“让路”。 <a data-url=""http://t.cn/RYmzkxe"" href=""https://m.weibo.cn/feature/download/index?container_id=231371b2f55dc13ad895465840c41d942be95f&room_id=1042152%3Ab2f55dc13ad895465840c41d942be95f&width=800&height=450&cover=https%3A%2F%2Fwx3.sinaimg.cn%2Flarge%2Fa716fd45ly1fm6qu1st5uj20u00gw4i4.jpg&livetype=&to=media&url_type=39&object_type=live&pos=1&luicode=10000011&lfid=1076032803301701&ep=FylXDhgFK%2C2803301701%2CFylXDhgFK%2C2803301701"" data-hide=""""><span class=""url-icon""><img src=""https://h5.sinaimg.cn/upload/2015/09/25/3/timeline_card_small_video_default.png""></span></i><span class=""surl-text"">人民日报的微博直播</a> . ​​​"
昨天 08:00,https://m.weibo.cn/status/4181867806655545,"【人民日报任仲平文章：复兴的道路开启新征程】观乎天文以察时变，观乎人文以化成天下。意思是说，要想了解时代演变规律，就应该从观察天道运行和人间万事万物着手。要了解这个文明古国在新千年的发展脉络和趋势，最根本的方法，也是从理解中国道路的运行开始。 <a data-url=""http://t.cn/RYmvWDo"" href=""http://media.weibo.cn/article?object_id=1022%3A2309404181867803885455&url_type=39&object_type=article&pos=1&luicode=10000011&lfid=1076032803301701&id=2309404181867803885455&ep=FylKQrVpv%2C2803301701%2CFylKQrVpv%2C2803301701"" data-hide=""""><span class=""url-icon""><img src=""https://h5.sinaimg.cn/upload/2015/09/25/3/timeline_card_small_article_default.png""></span></i><span class=""surl-text"">使命，复兴的道路开启新征程</a> ​​​"
昨天 07:30,https://m.weibo.cn/status/4181860101598840,【明日，大雪[雪]】①7日6时33分，将迎来大雪节气；②“大者，盛也，至此而雪盛也”，大雪标志着仲冬时节正式开始；③“冬天进补，开春打虎”，适当多吃牛羊肉、木耳、大枣，提高防寒能力；④天气干燥，多补充水分，吃些藕、梨等滋阴食物。天渐冷，可寒假将至，新年也不远了，期待吗？ ​​​
昨天 07:00,https://m.weibo.cn/status/4181852555900658,【30岁前，你该学会的自我管理方法】管理好自己的时间，把精力多放在有价值的事上；管理好自己的财务，别被落魄限制了自己的选择；管理好自己的内心，不为周边无谓的纷争所烦；管理好自己的身体，这是你实现一切想法的前提…18个自我管理方法↓如果你不想将来懊悔，那就从现在开始行动。共勉，早安！ ​​​
12-05,https://m.weibo.cn/status/4181741432434185,"【<a class='k' href='https://m.weibo.cn/k/%E4%BD%A0%E5%A5%BD%EF%BC%8C%E6%98%8E%E5%A4%A9?from=feed'>#你好，明天#</a>】八项规定五周年，中纪委宣传片用一组“你不必”，深刻诠释改变。五年来，官场少的绝不只是一支随意签单的笔、一杯无可奈何的酒、一份不得不送的礼，很多潜规则被打掉，很多人真正做回自己。通过正风肃纪，社会凝聚共识，反腐势如破竹。一个风清气正的中国，乃民之所愿，须持之以恒。 ​​​...<a href=""/status/4181741432434185"">全文</a>"
12-05,https://m.weibo.cn/status/4181731856626075,【长知识！麻辣烫、拉面、豆腐有国家标准的“英文名”啦】12月1日起，《公共服务领域英文译写规范》正式实施。这份涵盖交通、旅游、文化、教育等13个领域的英文译写标准，提供了常用的3500余条规范译文。麻辣烫Spicy Hot Pot，拉面Lamian Noodles，豆腐Doufu…更多戳图↓↓考研、四六级用得上！转存！ ​​​
12-05,https://m.weibo.cn/status/4181724987112267,"【夜读：跌倒不要紧，要紧的是赶快爬起来】人生路上，谁没有跌倒的时候？有人失恋，有人破产，有人生病，有人犯错，都让人摔得鼻青脸肿。跌倒了不可怕，可怕的是不想爬起来。过去的改变不了，而未来还有希望，你要做的就是及时止损，不让已经发生的事拖垮自己。 <a data-url=""http://t.cn/RYnASP3"" href=""http://media.weibo.cn/article?object_id=1022%3A2309404181724987808276&url_type=39&object_type=article&pos=1&luicode=10000011&lfid=1076032803301701&id=2309404181724987808276&ep=Fyi2utQdZ%2C2803301701%2CFyi2utQdZ%2C2803301701"" data-hide=""""><span class=""url-icon""><img src=""https://h5.sinaimg.cn/upload/2015/09/25/3/timeline_card_small_article_default.png""></span></i><span class=""surl-text"">【夜读】跌倒不要紧，要紧的是赶快爬起来</a> ​​​"
12-05,https://m.weibo.cn/status/4181719353931883,【人民微评：呵护孩子的诗心】每一首短诗都清新精妙，让人拍案叫绝。童心天成，每个孩子天生都是诗人。孩子的目光是清澈的，孩子的世界是纯净的，孩子的想象力是奇诡的。&quot;逻辑可以让你从A走到B，但想象力可以让你走到任何地方。&quot;免于污染，拒绝扼杀，呵护好诗心，孩子会给世界更多惊喜。
12-05,https://m.weibo.cn/status/4181608641295734,"【暖心！小伙辞职卖红薯，环卫工免费吃：我大本事没有，就这点小本事<span class=""url-icon""><img src=""//h5.sinaimg.cn/m/emoticon/icon/others/l_xin-8e9a1a0346.png"" style=""width:1em;height:1em;"" alt=""[心]""></span>】去年冬天，江苏淮安小李下班途中看到环卫工冒着严寒扫街，想为他们做点事，他想到辞职烤红薯。去年半价，今年免费送。他说，每天多卖两个小时就行了：“出点微薄之力，如果以后条件好，会更多回报社会。”<a data-url=""http://t.cn/RYHSNUF"" href=""http://miaopai.com/show/zlw7DMJOQVwnW-xtOjHm~Qr54GiVoEW~rCY8SQ__.htm?containerid=2304429b0c9590601ea5079be5aa208ab48057&showurl=http%3A%2F%2Fmiaopai.com%2Fshow%2Fzlw7DMJOQVwnW-xtOjHm%7EQr54GiVoEW%7ErCY8SQ__.htm&url_open_direct=1&toolbar_hidden=1&url_type=39&object_type=video&pos=1&luicode=10000011&lfid=1076032803301701&ep=Fyf0Q5r4W%2C2803301701%2CFyf0Q5r4W%2C2803301701"" data-hide=""""><span class=""url-icon""><img src=""https://h5.sinaimg.cn/upload/2015/09/25/3/timeline_card_small_video_default.png""></span></i><span class=""surl-text"">梨视频的秒拍视频</a> ​​​"
21小时前,https://m.weibo.cn/status/4181940162586865,【超实用的PPT演讲技巧，让你脱颖而出！】又到年底，年终总结、期末报告、求职自我介绍……不少地方需要做PPT演讲。如何写一份充实的演讲稿？PPT制作演讲的“10-20-30原则”是什么？12个PPT演讲小技巧↓↓助你在演讲中一鸣惊人！转需不谢！ ​​​
21小时前,https://m.weibo.cn/status/4181933875233555,"【习近平向2017年广州《财富》全球论坛致贺信】2017年《财富》全球论坛12月6日在广州开幕。国家主席习近平致贺信，他指出：中国经济具有长期向好的光明前景，有基础、有条件、有动力实现稳中有进、持续向好。中国开放的大门不会关闭，只会越开越大，经营环境将更加开放、透明、规范。全文↓↓  ​​​...<a href=""/status/4181933875233555"">全文</a>"
12-03,https://m.weibo.cn/status/4180936805150805,【胃不好的人，随身带一把花生米！】胃不好的人，经常胃酸并伴有烧心、胸痛等不适感。中国中医科学院针灸医院副主任医师李彩芬建议，可餐前空腹服用生花生，一天吃两到三次，一次三五粒即可。吃花生一定要嚼碎，可更有效缓解泛酸，花生有健脾和胃的作用。但需注意花生热量非常高，不要多吃。<a href='https://m.weibo.cn/n/央视财经'>@央视财经</a> ​​​
12-03,https://m.weibo.cn/status/4180929171527307,"【酱焖鸡翅<span class=""url-icon""><img src=""//h5.sinaimg.cn/m/emoticon/icon/default/d_chanzui-ad3f4f182c.png"" style=""width:1em;height:1em;"" alt=""[馋嘴]""></span>】用豆瓣酱烧，小火慢慢焖至入味，好吃！<a href='https://m.weibo.cn/n/王大厨'>@王大厨</a> ​​​"
16小时前,https://m.weibo.cn/status/4182012363105163,"【来一锅热乎乎的麻辣香锅<span class=""url-icon""><img src=""//h5.sinaimg.cn/m/emoticon/icon/default/d_chanzui-ad3f4f182c.png"" style=""width:1em;height:1em;"" alt=""[馋嘴]""></span>】想吃的食材都能放放放，麻辣程度是微麻辣版的，如果喜好重一些口味的，可以适量增加麻椒、花椒、干辣椒的用量。 ​​​​看着就流口水，转发试试吧！（美食达人DIY） ​​​"
17小时前,https://m.weibo.cn/status/4182003768625007,"【上海迪士尼乐园明年6月6日起门票提价 最高涨至665元】上海迪士尼度假区今公布新票务方案。2018年6月6日起，上海迪士尼乐园将采用三级票价结构，分别为：①平日门票价格为399元人民币。②需求较高的高峰日（包括暑假、周末和大部分节假日）的门票价格为575元。③需求更高的两个假期高峰日（即春节和国 ​​​...<a href=""/status/4182003768625007"">全文</a>"
17小时前,https://m.weibo.cn/status/4181998379231073,【PPT演讲时紧张怎么办？】①吸气而不是呼气，当你感觉要说“呃”、“啊”等语气词时，停顿一下或者深吸一口气；②放慢速度，如果像打机关枪一样说个不停，更容易显得你紧张和没经验；③不要事先计划手势，事先计划手势会看起来很不自然，刻意为之时还会和其他自然的肢体语言不搭配。
12-05,https://m.weibo.cn/status/4181712550647707,"【解开“世纪难题”：头发多久洗一次最科学<span class=""url-icon""><img src=""//h5.sinaimg.cn/m/emoticon/icon/others/d_doge-d903433c82.png"" style=""width:1em;height:1em;"" alt=""[doge]""></span>】一天不洗，头顶泛起油光；又说不能清洁过度，怕越洗越油？有调查显示，六成以上的人认为自己的头发比以前更爱出油。出油、头皮屑成了他们频繁洗头的主要原因。头发要多久洗一次？每天洗头会导致脱发吗？<a href='https://m.weibo.cn/n/生命时报'>@生命时报</a> 采访专家，告诉你答案↓↓ ​​​​"
12-04,https://m.weibo.cn/status/4181264103607945,【4招教你炖一锅营养暖身菜】①葱、姜、蒜、香辛料：解腻增香，降低胆固醇；②5种菜，营养多样化，食材大致分为：豆类、肉类、藻类、薯类、蔬菜类、粉条等；③文火焐炖更健康：一次加足水，中间别开盖；④起锅前加盐：不影响汤的味道，还能保持肉质鲜嫩。
12-05,https://m.weibo.cn/status/4181532660733526,"【人民日报批“女德班”：把糟粕标榜为“文化”是真正的“反文化”】“点外卖不刷碗就是不守妇道”“女人就应该在最底层”…辽宁抚顺一个所谓“女德班”的种种言论引质疑。类似现象，绝非只有这一家女德班。要继承和弘扬优秀传统文化，就决不能让一些人打着传统文化幌子招摇撞骗。<a data-url=""http://t.cn/RYjV5Ak"" href=""http://miaopai.com/show/M8~KdfNeh-ccWwx~SrZJVSktTlKVNkTbgKjqxA__.htm?containerid=23044299b806fcee0c2cbf6238bd6860f15731&showurl=http%3A%2F%2Fmiaopai.com%2Fshow%2FM8%7EKdfNeh-ccWwx%7ESrZJVSktTlKVNkTbgKjqxA__.htm&url_open_direct=1&toolbar_hidden=1&url_type=39&object_type=video&pos=1&luicode=10000011&lfid=1076032803301701&ep=Fyd2i34P4%2C2803301701%2CFyd2i34P4%2C2803301701"" data-hide=""""><span class=""url-icon""><img src=""https://h5.sinaimg.cn/upload/2015/09/25/3/timeline_card_small_video_default.png""></span></i><span class=""surl-text"">梨视频的秒拍视频</a> ​​​"
12-05,https://m.weibo.cn/status/4181523806265736,"【人民日报任仲平文章：思想的力量开辟新时代】没有哪个民族如此渴望国家的富强、民族的复兴。2018年，《共产党宣言》将迎来发表170年，中国改革开放也将迎来整整40年。历史没有终结，也不可能终结。习近平新时代中国特色社会主义思想雄辩地证明，社会主义并没有进入“历史的博物馆”。  ​​​...<a href=""/status/4181523806265736"">全文</a>"
12-05,https://m.weibo.cn/status/4181515401862801,"【河北曲阳多所乡村小学至今未供暖 学生们在操场跑步取暖】近日，记者走访发现，河北曲阳县多所乡村学校未按时供暖。一位教师说，“孩子们实在冻得受不了，我就带着他们在操场跑步取暖”。县教育局称，因为“煤改电”工程没有按时完工，“我们会加班加点，争取早日把电接上。”<a data-url=""http://t.cn/RYQrQZx"" href=""http://media.weibo.cn/article?object_id=1022%3A2309351000774181513498424226&url_type=39&object_type=article&pos=1&luicode=10000011&lfid=1076032803301701&id=2309351000774181513498424226&ep=FycAs7OBb%2C2803301701%2CFycAs7OBb%2C2803301701"" data-hide=""""><span class=""url-icon""><img src=""https://h5.sinaimg.cn/upload/2015/09/25/3/timeline_card_small_article_default.png""></span></i><span class=""surl-text"">河北曲阳多所乡村小学至今未供暖</a> ​​​"
12-05,https://m.weibo.cn/status/4181601284275372,"【小调查：共享单车要尽可能免押金，你支持吗？】5日上午，中国消费者协会约谈摩拜、ofo、永安行、优拜、哈罗单车、拜客出行、小蓝等7家共享单车企业，要求共享单车企业尽可能采取免收押金的方式提供自行车租赁服务。押金和预付金存管问题用户普遍关心，你支持免押金吗？<a data-url=""http://t.cn/RYRcbiu"" href=""http://vote.weibo.cn/poll/138541066?url=http%3A%2F%2Fvote.weibo.cn%2Fpoll%2F138541066&sinainternalbrowser=topnav&share_menu=1&url_type=39&object_type=vote&pos=1&luicode=10000011&lfid=1076032803301701&ep=FyeOYhWdC%2C2803301701%2CFyeOYhWdC%2C2803301701"" data-hide=""""><span class=""url-icon""><img src=""https://h5.sinaimg.cn/upload/2015/08/18/245/timeline_card_small_vote_default.png""></span></i><span class=""surl-text"">调查：共享单车要尽可能免押金，你支持吗？</a> ​​​"
22小时前,https://m.weibo.cn/status/4181926585424548,"【酥脆可口，爱不释手的蒜香排骨做法】蒜末香气浓郁，猪小排质嫩味美，这道蒜香排骨，吃上一块就唇齿留香，回味悠长。转走试试吧！<span class=""url-icon""><img src=""//h5.sinaimg.cn/m/emoticon/icon/default/d_chanzui-ad3f4f182c.png"" style=""width:1em;height:1em;"" alt=""[馋嘴]""></span>（天天美食推荐）​​​"
22小时前,https://m.weibo.cn/status/4181918083560776,【收藏！中国各地博物馆的馆藏精品，你都看过吗？】近日，一档叫《国家宝藏》的节目开播引发了不少人对博物馆及历史文物的关注。中华文化博大精深，各地博物馆中更有数不胜数的珍贵藏品。后母戊鼎、《清明上河图》、素纱禅衣、“长信”宫灯…这些文物你见过吗？九图带你大开眼界↓转发收藏！ ​​​​
23小时前,https://m.weibo.cn/status/4181911024661541,"【市民组团挖“海知了” 专家：可以吃，但再吃又要灭绝了】日前，青岛市民组团挖“海知了”引起热议。据悉，“海知了”学名叫解放眉足蟹，是珍贵海洋生物，它们对低潮区细沙具有疏松清洁的作用。海知了资源一旦被破坏很难修复。专家表示，尽管美味，但建议不要采挖。转发，提醒！<a data-url=""http://t.cn/RYmwEdy"" target=""_blank"" href=""http://weibo.cn/sinaurl/blockeda1264281?url=http%3A%2F%2Fmp.weixin.qq.com%2Fs%3F__biz%3DMzAwMjA0MzE4Mg%3D%3D%26mid%3D2650342016%26idx%3D1%26sn%3D77cab45f1766969ee0795ebd3b39b883&sinainternalbrowser=topnav&share_menu=1&url_type=39&object_type=webpage&pos=1&luicode=10000011&lfid=1076032803301701&u=http%3A%2F%2Fmp.weixin.qq.com%2Fs%3F__biz%3DMzAwMjA0MzE4Mg%3D%3D%26mid%3D2650342016%26idx%3D1%26sn%3D77cab45f1766969ee0795ebd3b39b883&ep=FymSyjyG9%2C2803301701%2CFymSyjyG9%2C2803301701"" class=""""><span class=""url-icon""><img src=""https://h5.sinaimg.cn/upload/2015/09/25/3/timeline_card_small_web_default.png""></span></i><span class=""surl-text"">对不起，放过“海知了”吧！</a> ​​​"
12-03,https://m.weibo.cn/status/4180921861042051,【这些食物，你摆对了吗？】①水果蔬菜：冷藏室下层靠门部分或抽屉里，蔬果最好分开；②牛奶：冷藏室上层后壁处；③生肉、海鲜：冷冻室下层，注意生熟分开；④酸奶、甜点：冷藏室上层靠门处，避免温度过低；⑤馒头面包：冷冻室中间层；⑥调料：冰箱门架处。别再乱放啦！
12-03,https://m.weibo.cn/status/4180914210471945,"【江苏首次公开“性侵未成年人犯罪人员”信息】12月1日，江苏淮安市淮阴区人民法院依法对4名涉嫌强奸、猥亵未成年人的被告人集中宣判。司法机关还将向社会公开这4人信息，公开内容包括姓名、身份证号、照片、年龄、案由等事项，并禁止其从事与未成年人密切接触的工作。<a data-url=""http://t.cn/RYWrRWo"" href=""http://miaopai.com/show/wgk037F-q-q3QxZUBxmvTsDJob9zY2ulyItlOA__.htm?containerid=23044270a19665bb3e2866be7945362f751fb6&showurl=http%3A%2F%2Fmiaopai.com%2Fshow%2Fwgk037F-q-q3QxZUBxmvTsDJob9zY2ulyItlOA__.htm&url_open_direct=1&toolbar_hidden=1&url_type=39&object_type=video&pos=1&luicode=10000011&lfid=1076032803301701&ep=FxWWN1YM1%2C2803301701%2CFxWWN1YM1%2C2803301701"" data-hide=""""><span class=""url-icon""><img src=""https://h5.sinaimg.cn/upload/2015/09/25/3/timeline_card_small_video_default.png""></span></i><span class=""surl-text"">江苏新闻的秒拍视频</a> 你支持吗？ ​​​"
17小时前,https://m.weibo.cn/status/4181990599121353,"【教育部：督促地方迅速解决中小学供暖问题】针对北方一些学校尚未解决供暖、学生被冻伤的问题，6日教育部新闻发言人表示：非常心疼这些孩子们，也非常着急。部领导批示要采取切实有效措施，督促地方迅速解决中小学供暖问题。孩子们的事情没有小事，希望地方基层政府、教育部门、学校引以为戒，真正把 ​​​...<a href=""/status/4181990599121353"">全文</a>"
18小时前,https://m.weibo.cn/status/4181984861445663,"【2018届全国普通高校毕业生预计820万人】2018届全国普通高校毕业生预计820万人，就业创业工作面临复杂严峻形势。6日，2018届全国普通高校毕业生就业创业工作网络视频会议在京召开，强调坚决反对任何形式就业歧视，严密防范“培训贷”、求职陷阱、传销等不法行为。又到<a class='k' href='https://m.weibo.cn/k/%E5%B0%B1%E4%B8%9A%E5%AD%A3?from=feed'>#就业季#</a>，同学们加油！ ​​​​...<a href=""/status/4181984861445663"">全文</a>"
18小时前,https://m.weibo.cn/status/4181976997557465,【这些题目，你都知道答案吗？】①我国社会主要矛盾已经转化为_____；②_____是近代以来中华民族最伟大的梦想；③_____是当代中国精神的集中体现，凝结着全体人民共同的价值追求；④_____是安邦定国的重要基石，维护国家安全是全国各族人民根本利益所在…更多戳图↓↓不会的请默默转！
12-05,https://m.weibo.cn/status/4181705512580800,"【当熊猫遇见大雪，一看就知道是南方熊猫了<span class=""url-icon""><img src=""//h5.sinaimg.cn/m/emoticon/icon/default/d_xiaoku-7430606cb7.png"" style=""width:1em;height:1em;"" alt=""[笑cry]""></span>】5日，黑龙江亚布力旅游度假区被白雪覆盖，乐坏了11岁的大熊猫“思嘉”。思嘉2016年从四川来到亚布力，在我国温度最低、区域最北的新家生活。在秋千上吃吃吃的思嘉，开始在雪地里滚滚滚，开心的像个200斤的孩子<span class=""url-icon""><img src=""//h5.sinaimg.cn/m/emoticon/icon/others/d_doge-d903433c82.png"" style=""width:1em;height:1em;"" alt=""[doge]""></span><a data-url=""http://t.cn/RYE3q1L"" href=""http://miaopai.com/show/JI7t2qwLYJmMf6NJRISLtJEXnpNl~KIT2eU0DA__.htm?containerid=230442f49b7ac7f0ae7ce0eec06750f9eff2a8&showurl=http%3A%2F%2Fmiaopai.com%2Fshow%2FJI7t2qwLYJmMf6NJRISLtJEXnpNl%7EKIT2eU0DA__.htm&url_open_direct=1&toolbar_hidden=1&url_type=39&object_type=video&pos=1&luicode=10000011&lfid=1076032803301701&ep=Fyhx5aPnO%2C2803301701%2CFyhx5aPnO%2C2803301701"" data-hide=""""><span class=""url-icon""><img src=""https://h5.sinaimg.cn/upload/2015/09/25/3/timeline_card_small_video_default.png""></span></i><span class=""surl-text"">人民日报的秒拍视频</a>（柯仲甲） ​​​"
12-04,https://m.weibo.cn/status/4181256193356733,"【这些姓氏，你知道怎么读吗？】①应，读yīng，不读yìng；②解，读xiè，不读jiě；③曲，读qū，不读qǔ；④哈，读hǎ，不读hā；⑤任，读rén，不读rèn；⑥桓，读huán，不读héng；⑦区，读ōu，不读qū；⑧查，读zhā，不读chá；⑨那，读nā，不读nà…下次可别把人家名字读错了<span class=""url-icon""><img src=""//h5.sinaimg.cn/m/emoticon/icon/others/d_doge-d903433c82.png"" style=""width:1em;height:1em;"" alt=""[doge]""></span>"
12-04,https://m.weibo.cn/status/4181249716679820,"【<a class='k' href='https://m.weibo.cn/k/%E4%BA%BA%E6%B0%91%E7%9B%B4%E6%92%AD?from=feed'>#人民直播#</a>：携手新时代，共话新经济】今天下午，世界互联网大会企业家代表集体采访在乌镇互联网会展中心举行。腾讯董事会主席马化腾，联想集团董事长杨元庆、罗辑思维和得到App创始人罗振宇等大咖云集，携手新时代，共话新经济。<a href='https://m.weibo.cn/n/人民日报'>@人民日报</a> 带您去现场↓↓共同关注！ <a data-url=""http://t.cn/RYTNcFc"" href=""https://m.weibo.cn/feature/download/index?container_id=23137128707e5a668d0c1b9d47acb42c051520&room_id=1042152%3A28707e5a668d0c1b9d47acb42c051520&width=800&height=450&cover=https%3A%2F%2Fwx1.sinaimg.cn%2Flarge%2Fa716fd45ly1fm4r01edx1j21400u0q70.jpg&livetype=&to=media&url_type=39&object_type=live&pos=1&luicode=10000011&lfid=1076032803301701&ep=Fy5FVs1J2%2C2803301701%2CFy5FVs1J2%2C2803301701"" data-hide=""""><span class=""url-icon""><img src=""https://h5.sinaimg.cn/upload/2015/09/25/3/timeline_card_small_video_default.png""></span></i><span class=""surl-text"">人民日报的微博直播</a> . ​​​"
12-05,https://m.weibo.cn/status/4181505347970723,【<a class='k' href='https://m.weibo.cn/k/%E5%9B%BD%E8%80%83?from=feed'>#国考#</a>冲刺！十九大“新声音”，你知道多少？】12月10日将迎来国考笔试，你准备得怎样？新时代、新矛盾、新思想、新使命、新目标、新要求、新方略……这些十九大“新声音”你了解多少？答不上来的赶紧戳图补课↓↓行测、申论提分用得上！转给正在备考的小伙伴！ ​​​
12-05,https://m.weibo.cn/status/4181497710277782,【今天，转发这条微博，向志愿者们说声谢谢】天灾肆虐，他们竭尽全力参与救援；孤老病残需要帮助，他们用生命温暖生命；他们把青春献给偏远山区的孩子们，他们的大爱超越国家和种族...他们用奉献默默撑起了许多平凡人的梦想。心中有爱，处处可为。今天，国际志愿者日，转发，对志愿者们说声：谢谢！ ​​​
12-05,https://m.weibo.cn/status/4181592421408649,《孩子们的诗》最近火爆微博。谁说这世间没诗人了呢？这些3—13岁小朋友写的诗，纯粹，温暖，又充满智慧，大人们看了会不会汗颜？ ​​​
12-05,https://m.weibo.cn/status/4181583034891049,【吃货注意了！吃火锅的八个“不要”，你都知道吗？】近日，昆明一女士因喜爱趁烫吃火锅，患上食道裂孔疝，部分胃竟然挤进了胸腔。冬天一来，许多小伙伴开启了“吃着火锅唱着歌”的惬意模式。但你知道吃火锅的正确方式吗？火锅怎样吃才美味又健康？戳图↓↓吃火锅的8种常见错误，转给爱吃火锅的TA！ ​​​
23小时前,https://m.weibo.cn/status/4181904036783072,【重磅！白宫宣布：特朗普将承认耶路撒冷为以色列首都】当地时间12月5日傍晚5点30分，美国白宫召开新闻发布会，称总统特朗普将于美东时间周三发布两项声明，美国政府将承认耶路撒冷为以色列首都，并将把美驻驻特拉维夫大使馆搬迁至耶路撒冷。（高石） ​​​
23小时前,https://m.weibo.cn/status/4181899796334026,"【卢沟桥事变报道第一人，留下837张战地照片却鲜为人知】1937年，25岁战地记者方大曾用镜头记录下日军在中华大地的暴行，成为报道“卢沟桥事变”第一人，留下837张战地照片。之后，他离奇失踪。多年后，记者冯雪松用16年“寻找方大曾”。“此间少年当出发，一无所有但一往无前”。<a data-url=""http://t.cn/RY0n6vr"" href=""http://miaopai.com/show/ulB7pf0dsznL50H980RPnuwfCrlfGywB736xBQ__.htm?containerid=23044288e7fb5d39f5f8a973735faf63bf1803&showurl=http%3A%2F%2Fmiaopai.com%2Fshow%2FulB7pf0dsznL50H980RPnuwfCrlfGywB736xBQ__.htm&url_open_direct=1&toolbar_hidden=1&url_type=39&object_type=video&pos=1&luicode=10000011&lfid=1076032803301701&ep=FymArqzLI%2C2803301701%2CFymArqzLI%2C2803301701"" data-hide=""""><span class=""url-icon""><img src=""https://h5.sinaimg.cn/upload/2015/09/25/3/timeline_card_small_video_default.png""></span></i><span class=""surl-text"">BTV我是演说家的秒拍视频</a> ​​​"
12-03,https://m.weibo.cn/status/4180909156838347,"【《那年那兔那些事儿》又放大招！《厉兵秣马朱日和》来啦<span class=""url-icon""><img src=""//h5.sinaimg.cn/m/emoticon/icon/others/f_v5-d9ecc60931.png"" style=""width:1em;height:1em;"" alt=""[威武]""></span>】每个到朱日和演习的“红军”部队，都流传着这样一句口号——“活捉满广志，解放朱日和”，这究竟是一支怎样的“磨刀石”部队？《那年那兔那些事儿》之《厉兵秣马朱日和》↓↓<a data-url=""http://t.cn/RY9kyYw"" href=""https://m.weibo.cn/p/index?containerid=230444a88005a463deba6c02d540334f26af9b&url_type=39&object_type=video&pos=1&luicode=10000011&lfid=1076032803301701&ep=FxWODsGXV%2C2803301701%2CFxWODsGXV%2C2803301701"" data-hide=""""><span class=""url-icon""><img src=""https://h5.sinaimg.cn/upload/2015/09/25/3/timeline_card_small_video_default.png""></span></i><span class=""surl-text"">军报记者的秒拍视频</a> ​​​"
12-03,https://m.weibo.cn/status/4180902239889268,"【贺信全文！习近平致信祝贺第四届世界互联网大会开幕】第四届世界互联网大会3日上午在浙江省乌镇开幕。国家主席习近平发来贺信，代表中国政府和中国人民，并以他个人的名义，向大会的召开致以热烈的祝贺。习近平强调，中共十九大制定了新时代中国特色社会主义的行动纲领和发展蓝图，提出要建设网络强 ​​​...<a href=""/status/4180902239889268"">全文</a>"
19小时前,https://m.weibo.cn/status/4181968294406328,"【“多喝热水”有依据！权威专家的“热水养生法”<span class=""url-icon""><img src=""//h5.sinaimg.cn/m/emoticon/icon/default/d_xingxingyan-34ecaee809.png"" style=""width:1em;height:1em;"" alt=""[憧憬]""></span>】肚子痛喝热水，感冒了喝热水，上火也要喝热水……如今，热水似乎成了一方万能药。从喝茶煎药，到泡澡泡脚，热水更是无处不在。备受追捧的热水有哪些养生功效？热水养生需注意哪些细节？<a href='https://m.weibo.cn/n/生命时报'>@生命时报</a> 教你使用热水最健康的方法！ ​​​"
19小时前,https://m.weibo.cn/status/4181960983148122,"【长期熬夜加班过度劳累 冷风一吹竟成“面瘫”<span class=""url-icon""><img src=""//h5.sinaimg.cn/m/emoticon/icon/default/d_chijing-f4f9e95da7.png"" style=""width:1em;height:1em;"" alt=""[吃惊]""></span>】江苏淮安王女士由于最近忙着年底考核，几乎天天熬夜加班。不久前，刚下班的她顶着寒风骑着电动车急匆匆地往家赶，没想到第二天一早，嘴巴歪了，眼睛也闭不上了，患上了面瘫。入冬以来，医院面瘫患者猛增。转发提醒TA！<a data-url=""http://t.cn/RYEUPKd"" href=""http://miaopai.com/show/KYoZW5kUBEeZprAcwtZqLohg7NC9eHB0t3dgtw__.htm?containerid=230442cea9eade8d0e080e9123f9133953c981&showurl=http%3A%2F%2Fmiaopai.com%2Fshow%2FKYoZW5kUBEeZprAcwtZqLohg7NC9eHB0t3dgtw__.htm&url_open_direct=1&toolbar_hidden=1&url_type=39&object_type=video&pos=1&luicode=10000011&lfid=1076032803301701&ep=Fyob8dcYa%2C2803301701%2CFyob8dcYa%2C2803301701"" data-hide=""""><span class=""url-icon""><img src=""https://h5.sinaimg.cn/upload/2015/09/25/3/timeline_card_small_video_default.png""></span></i><span class=""surl-text"">江苏新闻的秒拍视频</a> ​​​"
12-04,https://m.weibo.cn/status/4181350287970849,"大神妹子教你如何用硬纸板自制“糖果机”↓↓可以说是非常炫酷了！转马试试给小盆友做个<span class=""url-icon""><img src=""//h5.sinaimg.cn/m/emoticon/icon/others/d_doge-d903433c82.png"" style=""width:1em;height:1em;"" alt=""[doge]""></span><a data-url=""http://t.cn/RYSAIWK"" href=""https://m.weibo.cn/p/index?containerid=2304444b995acbe5c2a75b36c7aa09c3bfc2d5&url_type=39&object_type=video&pos=1&luicode=10000011&lfid=1076032803301701&ep=Fy8i8xrA5%2C2803301701%2CFy8i8xrA5%2C2803301701"" data-hide=""""><span class=""url-icon""><img src=""https://h5.sinaimg.cn/upload/2015/09/25/3/timeline_card_small_video_default.png""></span></i><span class=""surl-text"">蚂蚁视频的秒拍视频</a> ​​​"
12-04,https://m.weibo.cn/status/4181339856818676,"【江苏师范大学有个食堂能许愿 只要写下来愿望就成真<span class=""url-icon""><img src=""//h5.sinaimg.cn/m/emoticon/icon/default/d_xingxingyan-34ecaee809.png"" style=""width:1em;height:1em;"" alt=""[憧憬]""></span>】&quot;想吃咕噜肉&quot;、&quot;想吃排骨糯米饭&quot;...江苏师范大学泉山校区第五食堂有一个意见簿，同学们想吃什么就会写上去，得到的回复大多是是&quot;行&quot;、&quot;做&quot;、&quot;明天一定有&quot;。只要写下来，没准第二天就能吃到，可以说是&quot;心愿食堂&quot;了！别人家的学校！<a href='https://m.weibo.cn/n/江苏新闻'>@江苏新闻</a> ​​​"
12-04,https://m.weibo.cn/status/4181242608221046,"【《国家地理》为嵩山少林学院拍了一支超燃MV，在国外火的一塌糊涂】《国家地理》杂志发布一支超燃MV，拍摄了在中国河南嵩山少林寺功夫学院习武的学生。目前，这支视频在国外媒体已播放几百万次，引发海外网友热议。网友：这下怎么跟老外解释不是每个中国人都会功夫……<a data-url=""http://t.cn/RYYrZDV"" href=""http://miaopai.com/show/IbZz2N~hl3f5-THbjvuBGXbKY7wKxTjY~sazhA__.htm?containerid=23044283e37907f762263967db11d399c20924&showurl=http%3A%2F%2Fmiaopai.com%2Fshow%2FIbZz2N%7Ehl3f5-THbjvuBGXbKY7wKxTjY%7EsazhA__.htm&url_open_direct=1&toolbar_hidden=1&url_type=39&object_type=video&pos=1&luicode=10000011&lfid=1076032803301701&ep=Fy5usyuFw%2C2803301701%2CFy5usyuFw%2C2803301701"" data-hide=""""><span class=""url-icon""><img src=""https://h5.sinaimg.cn/upload/2015/09/25/3/timeline_card_small_video_default.png""></span></i><span class=""surl-text"">时差视频的秒拍视频</a> ​​​"
12-04,https://m.weibo.cn/status/4181234554775391,【2017年新施行的法律法规，你知道多少？】①网络表演经营活动的表演者必须实名注册。禁止恐怖、残忍、暴力、低俗的表演方式；②学生参加创新创业、社会实践等活动，可以折算为学分，计入学业成绩；③限制民事行为能力人年龄下限下调，八周岁以上的未成年人为限制民事行为能力人…更多↓
12-05,https://m.weibo.cn/status/4181490177200824,【不要等到生活为难你时，才后悔过去太安逸】被窝温暖所以起床困难，任务太多所以选择拖延…想装睡的人永远也不会被叫醒，想要改变，只能靠自己。那些比你优秀的人，还拼命地努力，你又有什么理由偷懒？敢不敢，从改掉一个个坏习惯开始，给麻木的生活带来转机。40种改变的方法↓向生活主动出击！早安！ ​​​
12-04,https://m.weibo.cn/status/4181377614478123,【<a class='k' href='https://m.weibo.cn/k/%E4%BD%A0%E5%A5%BD%EF%BC%8C%E6%98%8E%E5%A4%A9?from=feed'>#你好，明天#</a>】天寒地冻，可北方部分地区的老百姓在今年“煤改气”后却迟迟供不上暖。燃煤取暖是冬季雾霾重要成因，“煤改气”是事所必然，但如缺少统筹兼顾的执行，好经也怕被念歪。政策若以民生为本为初心，执行也终须以民生实际为依归，切莫让一些操之过急的做法，冷了百姓的房，寒了群众的心。 ​​​
12-05,https://m.weibo.cn/status/4181579079804881,"【县委书记回应：村小最晚明天全供上暖】5日，曲阳县委书记表示，经排查，曲阳县目前有11所乡村小学没有供暖，上午已开会调度多部门，最晚将在明天全部完成“煤改电”施工，保障乡村小学供暖。县委宣传部表示，未供暖的小学今日必须实现取暖，不能让孩子们受冻。<a data-url=""http://t.cn/RY8gjb1"" href=""http://media.weibo.cn/article?object_id=1022%3A2309351002454181575486038537&url_type=39&object_type=article&pos=1&luicode=10000011&lfid=1076032803301701&id=2309351002454181575486038537&ep=Fyef9F8Hf%2C2803301701%2CFycAs7OBb%2C2803301701"" data-hide=""""><span class=""url-icon""><img src=""https://h5.sinaimg.cn/upload/2015/09/25/3/timeline_card_small_article_default.png""></span></i><span class=""surl-text"">曲阳县委书记回应“村小未供暖”：已做协调，最晚明天全供上</a>"
12-05,https://m.weibo.cn/status/4181568841540964,"【班长不哭！退伍班长痛哭亲吻部队台阶<span class=""url-icon""><img src=""//h5.sinaimg.cn/m/emoticon/icon/default/d_lei-316a1a3ed5.png"" style=""width:1em;height:1em;"" alt=""[泪]""></span>】在部队，有这么一群人，他们是一线带兵人；他们管的人不多，却最辛苦！他们拥有“军中之母”称号的特殊群体——班长！他们微笑着迎来了新兵，却又含着泪送走了老兵。今天班长们离开了，送行的官兵全都哭了！ <a data-url=""http://t.cn/RYHCWaz"" href=""http://miaopai.com/show/CHooEXRfGzPsltgFMpGSF11ZbSjbvJ8BWST5NA__.htm?containerid=230442155789805aa9548729e97f813b27baa1&showurl=http%3A%2F%2Fmiaopai.com%2Fshow%2FCHooEXRfGzPsltgFMpGSF11ZbSjbvJ8BWST5NA__.htm&url_open_direct=1&toolbar_hidden=1&url_type=39&object_type=video&pos=1&luicode=10000011&lfid=1076032803301701&ep=FydYE6sSg%2C2803301701%2CFydYE6sSg%2C2803301701"" data-hide=""""><span class=""url-icon""><img src=""https://h5.sinaimg.cn/upload/2015/09/25/3/timeline_card_small_video_default.png""></span></i><span class=""surl-text"">人民网的秒拍视频</a> ​​​"
12-04,https://m.weibo.cn/status/4181188107058610,"【<a class='k' href='https://m.weibo.cn/k/%E4%BA%BA%E6%B0%91%E7%9B%B4%E6%92%AD?from=feed'>#人民直播#</a>：360公司董事长周鸿祎谈“颠覆者归来”】第四届世界互联网大会于12月3日至5日在浙江乌镇举行。<a href='https://m.weibo.cn/n/人民日报'>@人民日报</a> 推出特别报道，带您关注。今天360公司董事长周鸿祎做客<a class='k' href='https://m.weibo.cn/k/%E5%A4%A7%E5%92%96%E6%9C%89%E8%AF%9D?from=feed'>#大咖有话#</a>，快跟我们一起听他畅谈“颠覆者”如何归来↓ <a data-url=""http://t.cn/RYYlG2S"" href=""https://m.weibo.cn/feature/download/index?container_id=231371b5de9ff619c64441c4fbe8dd88ad736e&room_id=1042152%3Ab5de9ff619c64441c4fbe8dd88ad736e&width=800&height=450&cover=https%3A%2F%2Fwx2.sinaimg.cn%2Flarge%2Fa716fd45ly1fm4jm9fskmj20ku0bmne2.jpg&livetype=&to=media&url_type=39&object_type=live&pos=1&luicode=10000011&lfid=1076032803301701&ep=Fy44ytCgy%2C2803301701%2CFy44ytCgy%2C2803301701"" data-hide=""""><span class=""url-icon""><img src=""https://h5.sinaimg.cn/upload/2015/09/25/3/timeline_card_small_video_default.png""></span></i><span class=""surl-text"">人民日报的微博直播</a> . ​​​"
12-03,https://m.weibo.cn/status/4181016262052758,"【<a class='k' href='https://m.weibo.cn/k/%E4%BD%A0%E5%A5%BD%EF%BC%8C%E6%98%8E%E5%A4%A9?from=feed'>#你好，明天#</a>】如何让孩子远离性侵？江苏淮阴尝试公开“性侵未成年人犯罪人员”信息。犯罪面前孩子本就无助，更何况许多龌龊往往隐藏在伪善的面具中。面对性侵，怎能光靠孩子的自我保护？有力的预防和震慑才是根本，公开信息正是有益尝试。期待公开的阳光驱散孩子成长的阴霾，不再生活于恐惧之中。 ​​​...<a href=""/status/4181016262052758"">全文</a>"
12-03,https://m.weibo.cn/status/4181011082497651,"【夜读：把行动交给现在，把结果交给时间】付出十分之一，就想收获一分之十；坚持一个星期，就想有十年的效果。我们都希望努力有回报，但生活常常与预想的美好失之交臂。与其把时间用在焦虑和计算结果上，不如现在开始做一件手边的事情。成与败，做了才知道。 <a data-url=""http://t.cn/RYjoWiH"" href=""http://media.weibo.cn/article?object_id=1022%3A2309404181011079555486&url_type=39&object_type=article&pos=1&luicode=10000011&lfid=1076032803301701&id=2309404181011079555486&ep=FxZt2atKH%2C2803301701%2CFxZt2atKH%2C2803301701"" data-hide=""""><span class=""url-icon""><img src=""https://h5.sinaimg.cn/upload/2015/09/25/3/timeline_card_small_article_default.png""></span></i><span class=""surl-text"">【夜读】把行动交给现在，把结果交给时间</a> ​​​"
昨天 09:44,https://m.weibo.cn/status/4181893869925964,【俄罗斯代表团无缘平昌冬奥会 俄电视台：拒绝转播该赛事】5日，国际奥委会执委会决定禁止俄罗斯代表团参加2018年平昌冬奥会，“干净”运动员可被邀请参赛。俄罗斯国家电视台在当天转播发布会过程中，通过字幕声明该台将不会转播2018平昌冬奥会，并给屏幕中的奥运五环标志划上斜杠。 ​​​
昨天 09:26,https://m.weibo.cn/status/4181889403627812,"【世界上最难拿的绿卡是…？】近日，两名诺贝尔奖得主获得了中国发出的外国人永久居留身份证，也就是中国“绿卡”。这一消息让无数在中国工作的外国人惊叹：难道我和中国“绿卡”的距离是一个诺贝尔奖？如何才能拿到这张高门槛“绿卡”？拿到中国“绿卡”的都有谁？↓↓ <a data-url=""http://t.cn/RYmcYPu"" href=""http://media.weibo.cn/article?object_id=1022%3A2309404181889400330800&url_type=39&object_type=article&pos=1&luicode=10000011&lfid=1076032803301701&id=2309404181889400330800&ep=FymjGfdL6%2C2803301701%2CFymjGfdL6%2C2803301701"" data-hide=""""><span class=""url-icon""><img src=""https://h5.sinaimg.cn/upload/2015/09/25/3/timeline_card_small_article_default.png""></span></i><span class=""surl-text"">你一定想不到！中国&quot;绿卡&quot;的珍贵程度才是世界第一</a> ​​​"
12-03,https://m.weibo.cn/status/4180897794876560,<a class='k' href='https://m.weibo.cn/k/%E5%AE%88%E6%8A%A4%E5%AE%9D%E8%B4%9D?from=feed'>#守护宝贝#</a>【转发寻人：湖北13岁女孩走失】曾金亿，身高约150厘米，戴近视眼镜，家住湖北省宜昌市伍家岗区东城新语小区，于2017年12月2日22时许，从宜昌市伍家岗区勤兴花园小区离家出走。出走时，上身穿浅蓝色长棉袄，下身穿黑色裤子，脚穿黑色运动鞋。如有线索，请迅速与警方联系：18871591458。 ​​​
12-03,https://m.weibo.cn/status/4180889682287682,【王国维：成事业、做学问的三重境界】第一重境界：“昨夜西风凋碧树，独上高楼，望尽天涯路”；第二重境界：“衣带渐宽终不悔，为伊消得人憔悴”；第三重境界：“众里寻他千百度，蓦然回首，那人却在灯火阑珊处”。三句诗词，三重境界，你领悟了吗？140年前的今天，王国维诞生。 ​​​
12-03,https://m.weibo.cn/status/4180880614394572,"【超实用小妙招，让食物保鲜更长久！】蔬菜水果一下子买太多吃不完，并不是丢进冰箱就完事了哦，来看看这几个小妙招，能让食物的保鲜期更长久，速速get起来！<a data-url=""http://t.cn/RYiFXhx"" href=""http://miaopai.com/show/lD9zB0iN3wHq24-9GD9aDjWRxir53RBHc7jnZg__.htm?containerid=230442884b4b015ef0b7abc0d10db1adf3331e&showurl=http%3A%2F%2Fmiaopai.com%2Fshow%2FlD9zB0iN3wHq24-9GD9aDjWRxir53RBHc7jnZg__.htm&url_open_direct=1&toolbar_hidden=1&url_type=39&object_type=video&pos=1&luicode=10000011&lfid=1076032803301701&ep=FxW4Birec%2C2803301701%2CFxW4Birec%2C2803301701"" data-hide=""""><span class=""url-icon""><img src=""https://h5.sinaimg.cn/upload/2015/09/25/3/timeline_card_small_video_default.png""></span></i><span class=""surl-text"">人人视频app的秒拍视频</a> ​​​"
20小时前,https://m.weibo.cn/status/4181953198573456,"【你愿意为它们转吗？别让海洋动物再吃塑料垃圾<span class=""url-icon""><img src=""//h5.sinaimg.cn/m/emoticon/icon/default/d_lei-316a1a3ed5.png"" style=""width:1em;height:1em;"" alt=""[泪]""></span>】据估算，每年约有800万吨塑料垃圾进入海洋，全部加起来可以绕地球420圈，而超过50种鱼类被发现正在食用塑料垃圾。抹香鲸、海龟等动物都曾因误食海洋塑料垃圾而受到生命威胁。随手一丢，就是谋杀！别再让它们受伤害，转发呼吁！<a data-url=""http://t.cn/RYmQaHx"" href=""http://miaopai.com/show/FfmGxkvdF0RqsvcNqMTyhFzEwYfpE5q3kOyLew__.htm?containerid=230442b0dc0dda51b1c1db7f8c0c7d06a55dd1&showurl=http%3A%2F%2Fmiaopai.com%2Fshow%2FFfmGxkvdF0RqsvcNqMTyhFzEwYfpE5q3kOyLew__.htm&url_open_direct=1&toolbar_hidden=1&url_type=39&object_type=video&pos=1&luicode=10000011&lfid=1076032803301701&ep=FynYzzYly%2C2803301701%2CFynYzzYly%2C2803301701"" data-hide=""""><span class=""url-icon""><img src=""https://h5.sinaimg.cn/upload/2015/09/25/3/timeline_card_small_video_default.png""></span></i><span class=""surl-text"">央视新闻的秒拍视频</a> ​​​"
20小时前,https://m.weibo.cn/status/4181946223464797,"【感动！脑瘫少年养柴鸡回报奶奶：您活大大的年纪，我好孝敬您<span class=""url-icon""><img src=""//h5.sinaimg.cn/m/emoticon/icon/default/d_lei-316a1a3ed5.png"" style=""width:1em;height:1em;"" alt=""[泪]""></span>】山东菏泽，18岁的刘国栋患有先天性脑瘫，自幼由奶奶抚养长大。10岁开始，他就出去靠捡垃圾、打零工等方式赚钱。今年，他开始养殖柴鸡，通过网上销售，挑起家庭重担。对奶奶更是孝顺：奶奶，您老了，我伺候您！<a data-url=""http://t.cn/RY834PX"" href=""http://miaopai.com/show/e1tTtEj8s6hCxsA2Mq6lxPixidwpsLXlsoxnPQ__.htm?containerid=23044226978f48a0b3f10faacc2ca60a56f6ef&showurl=http%3A%2F%2Fmiaopai.com%2Fshow%2Fe1tTtEj8s6hCxsA2Mq6lxPixidwpsLXlsoxnPQ__.htm&url_open_direct=1&toolbar_hidden=1&url_type=39&object_type=video&pos=1&luicode=10000011&lfid=1076032803301701&ep=FynNkexlP%2C2803301701%2CFynNkexlP%2C2803301701"" data-hide=""""><span class=""url-icon""><img src=""https://h5.sinaimg.cn/upload/2015/09/25/3/timeline_card_small_video_default.png""></span></i><span class=""surl-text"">一手video的秒拍视频</a> ​​​"
12-04,https://m.weibo.cn/status/4181333998278431,"【老大爷“太空步”后退碰瓷轿车，索要一万元：就相当于以前1000块】12月2日，南昌一位老人看到有车开过来，就故意退着走倒在车下，假装车祸受伤。但行车记录仪拍下了全程，交警出警，判断不是交通事故。<a data-url=""http://t.cn/RYlxwP9"" href=""http://miaopai.com/show/Yus06QYialW1bded7FMotlfhUHtPyKSUDbtnjg__.htm?containerid=230442bb81f94ab1ed71c0bb9489f1ec6611e2&showurl=http%3A%2F%2Fmiaopai.com%2Fshow%2FYus06QYialW1bded7FMotlfhUHtPyKSUDbtnjg__.htm&url_open_direct=1&toolbar_hidden=1&url_type=39&object_type=video&pos=1&luicode=10000011&lfid=1076032803301701&ep=Fy7RRyJB5%2C2803301701%2CFy7RRyJB5%2C2803301701"" data-hide=""""><span class=""url-icon""><img src=""https://h5.sinaimg.cn/upload/2015/09/25/3/timeline_card_small_video_default.png""></span></i><span class=""surl-text"">一手video的秒拍视频</a> ​​​"
12-04,https://m.weibo.cn/status/4181227559145989,"【“超级月亮”现身夜空 拉开“超级月亮三部曲”序幕】3日晚，“超级月亮”现身夜空。这轮今年最大的满月也是80年来第8大满月，亮度比平常高15%左右。这只是“超级月亮三部曲”中的第一乐章，后两次将于明年1月1日和31日出现，31日的“超级月亮”还将伴随月全食↓<a data-url=""http://t.cn/RYY1YgX"" href=""http://miaopai.com/show/NA7nlTG9NdB31OumuR7vaQ7xpnKEDFgiaIqp8w__.htm?containerid=2304423a22861528d108774e851c7102d6626e&showurl=http%3A%2F%2Fmiaopai.com%2Fshow%2FNA7nlTG9NdB31OumuR7vaQ7xpnKEDFgiaIqp8w__.htm&url_open_direct=1&toolbar_hidden=1&url_type=39&object_type=video&pos=1&luicode=10000011&lfid=1076032803301701&ep=Fy56bCnhX%2C2803301701%2CFy56bCnhX%2C2803301701"" data-hide=""""><span class=""url-icon""><img src=""https://h5.sinaimg.cn/upload/2015/09/25/3/timeline_card_small_video_default.png""></span></i><span class=""surl-text"">环球时报的秒拍视频</a>你想和谁一起看？ ​​​"
12-04,https://m.weibo.cn/status/4181221804569599,【“90后”助产士手绘暖心漫画，助聋哑孕产妇顺利分娩】无法用言语交流的聋哑孕产妇如何减轻分娩之痛？据澎湃新闻，上海90后助产士张鑫，为产妇和家属送上一颗“定心丸”：她为聋哑孕妇手绘了一套漫画，对分娩各个环节进行指导提醒，帮助特殊孕产妇更好地与医护人员交流，减轻痛苦↓来感受这温暖画风！ ​​​
12-04,https://m.weibo.cn/status/4181374564634340,"【一套睡前放松瑜伽 助你快速进入睡眠状态<span class=""url-icon""><img src=""//h5.sinaimg.cn/m/emoticon/icon/others/h_ye-4ef8705b08.png"" style=""width:1em;height:1em;"" alt=""[耶]""></span>】睡前，做一段瑜伽操，卸下一身疲惫和烦扰，给身体放个假，帮助自己快速进入睡眠状态。转存试试吧！<a data-url=""http://t.cn/R9IVwuY"" href=""http://miaopai.com/show/ZjZB9gSS9Dgfz2JJDjbCR7CIc6A7Dv8YFgxyYg__.htm?containerid=230442aba2f6775fa74b030d8c16ee7e0646a2&showurl=http%3A%2F%2Fmiaopai.com%2Fshow%2FZjZB9gSS9Dgfz2JJDjbCR7CIc6A7Dv8YFgxyYg__.htm&url_open_direct=1&toolbar_hidden=1&url_type=39&object_type=video&pos=1&luicode=10000011&lfid=1076032803301701&ep=Fy8VijrBq%2C2803301701%2CFy8VijrBq%2C2803301701"" data-hide=""""><span class=""url-icon""><img src=""https://h5.sinaimg.cn/upload/2015/09/25/3/timeline_card_small_video_default.png""></span></i><span class=""surl-text"">瑜伽小队长的秒拍视频</a> ​​​"
12-04,https://m.weibo.cn/status/4181365773500287,"【夜读：二十岁之后，你就是自己的“过来人”】考研还是工作？要不要分手？…每个人的生命里都有“事与愿违”，所谓 “人生建议”只是参考答案，却不是标准答案。只有你自己，才知道一件事到底值不值得。多尝试、多试错，才是解锁成熟期的钥匙。生活，总要亲口尝一尝，才知道什么叫“丰沛”啊。  ​​​...<a href=""/status/4181365773500287"">全文</a>"
12-05,https://m.weibo.cn/status/4181561828659456,"【芙蓉鲜蔬汤<span class=""url-icon""><img src=""//h5.sinaimg.cn/m/emoticon/icon/default/d_chanzui-ad3f4f182c.png"" style=""width:1em;height:1em;"" alt=""[馋嘴]""></span>】炒一炒加水煮就好了，简单易学，美味养生！<a href='https://m.weibo.cn/n/喝个东西'>@喝个东西</a> ​​​"
12-05,https://m.weibo.cn/status/4181553733485286,【家长必看！小学一年级到高三孩子心理全分析+教育方法】近日，重庆一男孩偷用家里1.1万元购买游戏装备，被教训后竟离家出走，幸好被市民发现及时报警。孩子犯错在所难免，一味责骂往往适得其反。不同年龄阶段的孩子有哪些心理特点？怎样才能跟孩子更好地进行沟通？戳图↓↓为了孩子的健康成长，转发！ ​​​
12-05,https://m.weibo.cn/status/4181545982373311,"【上海一非机动车涉嫌闯红灯 驾驶者遭大型车撞击身亡<span class=""url-icon""><img src=""//h5.sinaimg.cn/m/emoticon/icon/default/d_shuai-ade42a9895.png"" style=""width:1em;height:1em;"" alt=""[衰]""></span>】4日，上海军工路，一名驾驶非机动车男子在过路口时，涉嫌闯红灯在车流中穿越，不慎被一辆大型车撞击并碾压。事发后，民警、消防、120赶赴现场处置调查，确认男子已不幸身亡。目前，事故责任认定尚在进行。<a data-url=""http://t.cn/RYQrtSj"" href=""http://miaopai.com/show/eWh6gh1iV2nFzGXhxAbhheUVqYhNnSkjPPjHJA__.htm?containerid=230442640a907c502f3bc7dd66b8fd9addf75e&showurl=http%3A%2F%2Fmiaopai.com%2Fshow%2FeWh6gh1iV2nFzGXhxAbhheUVqYhNnSkjPPjHJA__.htm&url_open_direct=1&toolbar_hidden=1&url_type=39&object_type=video&pos=1&luicode=10000011&lfid=1076032803301701&ep=FydnM9Xpd%2C2803301701%2CFydnM9Xpd%2C2803301701"" data-hide=""""><span class=""url-icon""><img src=""https://h5.sinaimg.cn/upload/2015/09/25/3/timeline_card_small_video_default.png""></span></i><span class=""surl-text"">看看新闻Knews的秒拍视频</a>要遵守交规啊！ ​​​"
12-03,https://m.weibo.cn/status/4181004740636684,"【瘦肚子，腰椎前凸的矫正[推荐]】小腹突出？腰部疼痛？戳视频↓↓3个动作让你瘦肚子！<a data-url=""http://t.cn/RYj6pFh"" href=""http://miaopai.com/show/7jhTlUTANLohWreVm2xeUKsztcQReKq~yiLvVg__.htm?containerid=2304429b4cd6a9fd7ceda7282c8e01adb3f21d&showurl=http%3A%2F%2Fmiaopai.com%2Fshow%2F7jhTlUTANLohWreVm2xeUKsztcQReKq%7EyiLvVg__.htm&url_open_direct=1&toolbar_hidden=1&url_type=39&object_type=video&pos=1&luicode=10000011&lfid=1076032803301701&ep=FxZiO2FD6%2C2803301701%2CFxZiO2FD6%2C2803301701"" data-hide=""""><span class=""url-icon""><img src=""https://h5.sinaimg.cn/upload/2015/09/25/3/timeline_card_small_video_default.png""></span></i><span class=""surl-text"">人民日报的秒拍视频</a> <a href='https://m.weibo.cn/n/私人教练C戈'>@私人教练C戈</a> ​​​"
12-03,https://m.weibo.cn/status/4180995780942640,【人民微评：远离性犯罪人员】有调查显示“性侵儿童者再犯率较高”，将犯罪人员的信息公开，并设从业禁止，渐成国际惯例。此举无关歧视，无关侵犯隐私，无关标签化，可更好地保护未成年人。性犯罪人员的合法权益应尊重，更该看到：儿童权益最大化原则已是全球共识，必须践行。
12-04,https://m.weibo.cn/status/4181184080997035,"【<span class=""url-icon""><img src=""//h5.sinaimg.cn/m/emoticon/icon/others/o_huatong-9f86617336.png"" style=""width:1em;height:1em;"" alt=""[话筒]""></span>注意！这些安全隐患，正埋伏在我们身边】近日，一种会发光的高颜值“网红气球”成了“爆”款，两对情侣被炸伤。发光气球虽然好看，但稍不注意就是身边的“定时炸弹”。生活中，很多安全问题常常被我们忽略。哪些“网红”玩具其实暗藏危险？哪些看似寻常的设施可能有安全隐患？戳图了解↓扩散！ ​​​"
昨天 09:01,https://m.weibo.cn/status/4181883140971379,【国考冲刺！十九大报告自测100题，你会做几道？】12月10日国考笔试在即，你准备得怎么样了？今年召开的十九大，一些新提法、新表述你都掌握了吗？大会主题是什么？报告提出的“四个伟大”指什么？全面建成小康社会的决胜期是什么时候？100道题带你回顾十九大报告关键内容↓↓答不上来默默转走补课！ ​​​
12-03,https://m.weibo.cn/status/4180876126586073,"【最美国际女子马拉松 今晨杭州开跑】3日上午，“2017杭州国际女子马拉松”在钱塘江畔鸣枪起跑，这场专属女性的活力盛宴，吸引超7000位女性。如今，马拉松比赛中女性比例大大提高，越来越多的女性投身跑步，通过运动打造属于自己的美好身材和健康体态。而女子马拉松在赛道选择，运动补给等方面可以精细 ​​​...<a href=""/status/4180876126586073"">全文</a>"
12-04,https://m.weibo.cn/status/4181323923111353,"【<span class=""url-icon""><img src=""//h5.sinaimg.cn/m/emoticon/icon/others/o_huatong-9f86617336.png"" style=""width:1em;height:1em;"" alt=""[话筒]""></span>紧急寻人！贵州福泉2岁男孩走失】据<a href='https://m.weibo.cn/n/宝贝回家-中原'>@宝贝回家-中原</a> 甘宇辰，2岁，于12月3日19时许，在贵州黔南布依族苗族自治州福泉市金山办事处金御龙庭2期小区走失，走失时穿蓝色牛仔兜裤，上衣外穿格子花纹围兜，内穿橘红斑点状羽绒服，黑色棉鞋。目前警方正全力寻找，有线索请联系15808548166。帮寻，转！ ​​​"
12-04,https://m.weibo.cn/status/4181214313166814,"<a class='k' href='https://m.weibo.cn/k/%E5%AE%88%E6%8A%A4%E5%AE%9D%E8%B4%9D?from=feed'>#守护宝贝#</a>【急转寻人！贵州3岁女孩走失】石诗肴，女，3岁，短发，于2017年12月3日15时许，在贵州省黔南布依族苗族自治州平塘县文化路10附14号附近失踪。平塘口音，说普通话，身高85cm，失踪时身穿红色棉衣，红色运动鞋，体重34斤。如有线索，请迅速与警方联系：13638038824。<a data-url=""http://t.cn/RYTzcaE"" href=""https://m.weibo.cn/p/index?containerid=2310382672&luicode=10000011&lfid=1076032803301701&ep=Fy4KPdhPE%2C2803301701%2CFy4KPdhPE%2C2803301701"" data-hide=""""><span class=""url-icon""><img src=""https://h5.sinaimg.cn/upload/2015/09/25/3/timeline_card_small_web_default.png""></span></i><span class=""surl-text"">石诗肴失踪详情</a> ​​​"
12-04,https://m.weibo.cn/status/4181206310720354,"【实用冬季进补指南：吃饭记住七个“三”，整个冬天不生病<span class=""url-icon""><img src=""//h5.sinaimg.cn/m/emoticon/icon/default/d_chanzui-ad3f4f182c.png"" style=""width:1em;height:1em;"" alt=""[馋嘴]""></span>】进入十二月，天气更加寒冷。万物都在养精蓄锐，为来年春天生机勃发作准备。俗话说，冬季进补，来年打虎。科学进补是关键，三种肉、三杯茶、三水果…记住七个“三”，让你冬天少生病！内附4招教你炖出一锅营养暖身菜↓转给你关心的TA！ ​​​"
12-04,https://m.weibo.cn/status/4181356122801296,【人民微评：多跟长辈合合影】“那个高高大大的男人，怎么突然就缩成一个小孩了呢”，不动声色的叙述，却有直抵人心的力量。每张照片都定格美好瞬间，蓄满孙女对爷爷的孝、爷爷对孙女的爱。时光啊，请让亲人慢点老去。如果不能，我们就多陪陪家人、多跟长辈合合影，让照片留下亲情痕迹。
12-05,https://m.weibo.cn/status/4181538113864603,"【中纪委拍的这则广告，台词走心了<span class=""url-icon""><img src=""//h5.sinaimg.cn/m/emoticon/icon/others/l_xin-8e9a1a0346.png"" style=""width:1em;height:1em;"" alt=""[心]""></span>】你不必下班后还忙着应酬，一身酒气回家，老婆孩子都睡了，连句话也没人说；你不必拿出半个月工资，给名字都对不上的人随份子；你不必屈从于潜规则…五年，八项规定改变中国，更改变你我的生活。<a data-url=""http://t.cn/RY8f4ql"" href=""http://miaopai.com/show/UH5cSu~lAaKCLIaqS7YdnOKzX~kkn1cK~OvMJA__.htm?containerid=230442f2212b1ed45e6684ce2ecb07e7fd5587&showurl=http%3A%2F%2Fmiaopai.com%2Fshow%2FUH5cSu%7ElAaKCLIaqS7YdnOKzX%7Ekkn1cK%7EOvMJA__.htm&url_open_direct=1&toolbar_hidden=1&url_type=39&object_type=video&pos=1&luicode=10000011&lfid=1076032803301701&ep=Fydb5gdmj%2C2803301701%2CFydb5gdmj%2C2803301701"" data-hide=""""><span class=""url-icon""><img src=""https://h5.sinaimg.cn/upload/2015/09/25/3/timeline_card_small_video_default.png""></span></i><span class=""surl-text"">人民日报的秒拍视频</a> 你有没有感同身受？ ​​​"
12-03,https://m.weibo.cn/status/4180987125152207,"【男子当街掌掴踩踏女童 警方：孩子是亲生的】近日，河北廊坊一男子当街掌掴、踩踏一名女童，还多次拎起墩向地面。路人劝阻，“真打啊”！男子回应：没事！据<a href='https://m.weibo.cn/n/平安安次'>@平安安次</a> 最新通报，视频中男子张某某已被控制。被殴打儿童为其亲生女儿，经检查身体各项指标正常，现由其奶奶照顾。<a data-url=""http://t.cn/RYWDw53"" href=""http://miaopai.com/show/txNtXghn8jc-p3Y5qFYG7nzpi3fRBjBCgt7l~g__.htm?containerid=2304428045867da24fb84f86256c48d70f91d4&showurl=http%3A%2F%2Fmiaopai.com%2Fshow%2FtxNtXghn8jc-p3Y5qFYG7nzpi3fRBjBCgt7l%7Eg__.htm&url_open_direct=1&toolbar_hidden=1&url_type=39&object_type=video&pos=1&luicode=10000011&lfid=1076032803301701&ep=FxYQolCk7%2C2803301701%2CFxYQolCk7%2C2803301701"" data-hide=""""><span class=""url-icon""><img src=""https://h5.sinaimg.cn/upload/2015/09/25/3/timeline_card_small_video_default.png""></span></i><span class=""surl-text"">时间视频的秒拍视频</a> ​​​"
12-04,https://m.weibo.cn/status/4181175927543952,【去漠河！-40℃玩泼水成冰，倍儿爽！】2日，黑龙江省漠河县最低气温达-40℃，游客在极寒天气里玩泼水成冰。拍照技巧拿走不谢：手持容器到胸前，用力向后180°扬起，这样的C字型除了制造美感，也能加长水到达地面的时间。记得带保温杯，因为你的玻璃杯到拍摄现场很可能已经冻成一坨了！（视觉中国） ​​​
12-04,https://m.weibo.cn/status/4181171128731167,"【一天点钞18万次！点钞的最高境界，胜过点钞机】银行工作人员点钞手速快的您可能见得多了，但“听音辨钞”您见过吗？点钞金牌教练王东云在两人以不同手法同时点钞的情况下，仅通过听声音就辨别出了各自的钞票数量。任何工作，只要怀揣匠人之心，做到极致，都能成为奇迹↓<a data-url=""http://t.cn/RYjv4zL"" href=""http://miaopai.com/show/1iDDlP~nFVd6dEcvIf3w0cGmGVpWxVC~Q-kzmg__.htm?containerid=23044246806b2b4ca39ac699b2cfbe256a6f91&showurl=http%3A%2F%2Fmiaopai.com%2Fshow%2F1iDDlP%7EnFVd6dEcvIf3w0cGmGVpWxVC%7EQ-kzmg__.htm&url_open_direct=1&toolbar_hidden=1&url_type=39&object_type=video&pos=1&luicode=10000011&lfid=1076032803301701&ep=Fy3DaADnh%2C2803301701%2CFy3DaADnh%2C2803301701"" data-hide=""""><span class=""url-icon""><img src=""https://h5.sinaimg.cn/upload/2015/09/25/3/timeline_card_small_video_default.png""></span></i><span class=""surl-text"">CCTV挑战不可能的秒拍视频</a> ​​​"
12-04,https://m.weibo.cn/status/4181315924035793,"【看哭了！200多张合影，记录爷爷生命最后7年】东北女孩石勐尧，从小由爷爷奶奶带大。2010年，石勐尧趁出差回家看望爷爷，发现这个最亲近的人已垂垂老矣，于是她和爷爷一起合影留念，一拍就是7年。“那个高高大大的男人，怎么突然就缩成一个小孩了呢”<span class=""url-icon""><img src=""//h5.sinaimg.cn/m/emoticon/icon/default/d_lei-316a1a3ed5.png"" style=""width:1em;height:1em;"" alt=""[泪]""></span><a data-url=""http://t.cn/RYYwMCk"" href=""http://miaopai.com/show/O1USVPZpTaYjDMSaG5p5Ki7lCz6X1uVNWh0UZQ__.htm?containerid=230442538281a359f1c4a37aec82fada24c47e&showurl=http%3A%2F%2Fmiaopai.com%2Fshow%2FO1USVPZpTaYjDMSaG5p5Ki7lCz6X1uVNWh0UZQ__.htm&url_open_direct=1&toolbar_hidden=1&url_type=39&object_type=video&pos=1&luicode=10000011&lfid=1076032803301701&ep=Fy7oIgVTr%2C2803301701%2CFy7oIgVTr%2C2803301701"" data-hide=""""><span class=""url-icon""><img src=""https://h5.sinaimg.cn/upload/2015/09/25/3/timeline_card_small_video_default.png""></span></i><span class=""surl-text"">一条视频的秒拍视频</a> 有时间多陪陪老人吧<span class=""url-icon""><img src=""//h5.sinaimg.cn/m/emoticon/icon/others/l_xin-8e9a1a0346.png"" style=""width:1em;height:1em;"" alt=""[心]""></span> ​​​"
12-04,https://m.weibo.cn/status/4181307283969491,【这些潜在危险，你要知道！】①网红气球：若内部填充氢气，接触火源极易爆燃；②流沙手机壳：填充液体容易导致皮肤过敏或灼伤皮肤；③小体积玩具：若被误食容易引发中毒，导致无法排出造成“肠梗阻”；④指尖陀螺：若被“改良”成尖头，高速旋转时，被扎伤的风险将大大增加…更多↓
12-04,https://m.weibo.cn/status/4181299722105815,"【你会为这一幕转发吗？蹒跚行人过斑马线 几十辆车停车静候<span class=""url-icon""><img src=""//h5.sinaimg.cn/m/emoticon/icon/others/l_xin-8e9a1a0346.png"" style=""width:1em;height:1em;"" alt=""[心]""></span>】近日，湖北宜昌一处没红绿灯的路口，一位腿脚不便的行人走上斑马线，双向6车道数十辆车先后停下静候，约24米宽的马路，他用了40多秒才走完，画面像静止一般，两边车辆就像一道“屏障”守护他安全通过。暖心，点赞！<a data-url=""http://t.cn/RYTsurj"" href=""http://miaopai.com/show/fj75g-jMEX1f694BRRGC7VVzUNbRwpvMIpqgZw__.htm?containerid=230442e3441c2b4f46243b4dd816339ebfc07a&showurl=http%3A%2F%2Fmiaopai.com%2Fshow%2Ffj75g-jMEX1f694BRRGC7VVzUNbRwpvMIpqgZw__.htm&url_open_direct=1&toolbar_hidden=1&url_type=39&object_type=video&pos=1&luicode=10000011&lfid=1076032803301701&ep=Fy6YA8POL%2C2803301701%2CFy6YA8POL%2C2803301701"" data-hide=""""><span class=""url-icon""><img src=""https://h5.sinaimg.cn/upload/2015/09/25/3/timeline_card_small_video_default.png""></span></i><span class=""surl-text"">央视新闻的秒拍视频</a> ​​​"
12-04,https://m.weibo.cn/status/4181195158115862,【东北菜扛把子：美味锅包肉】锅包肉，脆脆的，肉片混着酸甜又粘稠的酱汁，特别开胃。赶快学起来吧，犒劳一下自己！<a href='https://m.weibo.cn/n/日食记'>@日食记</a> ​​​
12-03,https://m.weibo.cn/status/4180978228521239,"【宜家回应“夺命柜”：在中国不召回，可退货】截至目前，宜家马尔姆系列抽屉柜事故已致8名儿童死亡。为此宜家重申，要在美国、加拿大地区召回1730万个该款抽屉柜，但不包括中国。宜家零售中国总裁朱昌来近日对媒体表示，马尔姆抽屉柜在中国不重申召回，但可退货及全额退款。<a data-url=""http://t.cn/RY9Pmk2"" href=""http://media.weibo.cn/article?object_id=1022%3A2309351002454180163414882446&url_type=39&object_type=article&pos=1&luicode=10000011&lfid=1076032803301701&id=2309351002454180163414882446&ep=FxYC2zKLl%2C2803301701%2CFxYC2zKLl%2C2803301701"" data-hide=""""><span class=""url-icon""><img src=""https://h5.sinaimg.cn/upload/2015/09/25/3/timeline_card_small_article_default.png""></span></i><span class=""surl-text"">宜家在中国对夺命抽屉柜无进一步召回计划：接受退款但不停产</a> ​​​"
12-03,https://m.weibo.cn/status/4180968283947409,"【成都口袋婆婆：拾荒十余年 一人养活全家<span class=""url-icon""><img src=""//h5.sinaimg.cn/m/emoticon/icon/others/l_xin-8e9a1a0346.png"" style=""width:1em;height:1em;"" alt=""[心]""></span>】81岁蒋贵英，在成都街头拾荒十余年，被称为“口袋婆婆”。女儿6岁患脑膜炎瘫痪，女婿胃癌离世后，养活女儿和外孙的重担，全落在蒋婆婆肩上。有人让她推着女儿出去讨钱，被蒋婆婆果断拒绝：“太丢人了。”就这样，她硬是靠自己的双手撑起全家。近日不少好 ​​​...<a href=""/status/4180968283947409"">全文</a>"
12-04,https://m.weibo.cn/status/4181166653300090,"【<a class='k' href='https://m.weibo.cn/k/%E4%BA%BA%E6%B0%91%E7%9B%B4%E6%92%AD?from=feed'>#人民直播#</a>：探秘“互联网之光”博览会，有哪些黑科技？】第四届“互联网之光”博览会正在乌镇举行，作为每届世界互联网大会的重头戏之一，410余家国内外互联网企业和创业创新型企业将向人们展示互联网时代的可能与前景。<a href='https://m.weibo.cn/n/人民日报'>@人民日报</a> 带您去现场，探秘究竟有哪些新鲜黑科技↓ <a data-url=""http://t.cn/RYYVl4y"" href=""https://m.weibo.cn/feature/download/index?container_id=2313716b3ab87eabd242cae5025bf7c1ddf7b4&room_id=1042152%3A6b3ab87eabd242cae5025bf7c1ddf7b4&width=800&height=450&cover=https%3A%2F%2Fwx1.sinaimg.cn%2Flarge%2Fa716fd45ly1fm4h94hx67j20hs0a0alf.jpg&livetype=&to=media&url_type=39&object_type=live&pos=1&luicode=10000011&lfid=1076032803301701&ep=Fy3vXdQvg%2C2803301701%2CFy3vXdQvg%2C2803301701"" data-hide=""""><span class=""url-icon""><img src=""https://h5.sinaimg.cn/upload/2015/09/25/3/timeline_card_small_video_default.png""></span></i><span class=""surl-text"">人民日报的微博直播</a> . ​​​"
12-04,https://m.weibo.cn/status/4181157116000357,"【转发致敬！守护历史，守护中华文脉】“文物如果遭到毁坏，文脉就断了，文化就丢了…”1933年的北平、1944年的峨眉、1948年的南京…故宫先辈们为了守住中华文脉，16年辗转上万公里，途径10余省，1.3万多箱、百万余件文物无一损毁，他们的壮举缔造了人类文化遗产保护史的奇迹↓<a data-url=""http://t.cn/RY0rCec"" href=""https://m.weibo.cn/p/index?containerid=230444d011944e9aa9465dac6030d22e8462d9&url_type=39&object_type=video&pos=1&luicode=10000011&lfid=1076032803301701&ep=Fy3gzpaXX%2C2803301701%2CFy3gzpaXX%2C2803301701"" data-hide=""""><span class=""url-icon""><img src=""https://h5.sinaimg.cn/upload/2015/09/25/3/timeline_card_small_video_default.png""></span></i><span class=""surl-text"">CCTV国家宝藏的秒拍视频</a> ​​​"
12-04,https://m.weibo.cn/status/4181294332663209,"【“她不死，我也死不成”<span class=""url-icon""><img src=""//h5.sinaimg.cn/m/emoticon/icon/default/d_lei-316a1a3ed5.png"" style=""width:1em;height:1em;"" alt=""[泪]""></span>这个故事弄哭整个朋友圈】81岁的蒋贵英，在成都街头拾荒十余，被称为“口袋婆婆”。女儿6岁患脑膜炎瘫痪，女婿胃癌离世后，养活女儿、外孙的重担，全落在蒋婆婆肩上。她这辈子做得最长的一件事，就是把自己的双手，无数次伸进垃圾桶，只为让家人不挨饿、不受冻、活下去。  ​​​...<a href=""/status/4181294332663209"">全文</a>"
12-03,https://m.weibo.cn/status/4180961602493943,"【警惕！目前全球最大的骗局：传销！】看手绘达人如何用边手绘边口播的方式解读传销是如何坑人的↓↓ 转发这个视频，让更多人看到！珍爱生命，远离传销！<a data-url=""http://t.cn/RYlr6lE"" href=""http://miaopai.com/show/8ff6yaUeH~9e14BwVLWdsjuy4zRapnxjos4LQg__.htm?containerid=230442cbaddb5ad08487440eea843cca5238de&showurl=http%3A%2F%2Fmiaopai.com%2Fshow%2F8ff6yaUeH%7E9e14BwVLWdsjuy4zRapnxjos4LQg__.htm&url_open_direct=1&toolbar_hidden=1&url_type=39&object_type=video&pos=1&luicode=10000011&lfid=1076032803301701&ep=FxYbeasMT%2C2803301701%2CFxYbeasMT%2C2803301701"" data-hide=""""><span class=""url-icon""><img src=""https://h5.sinaimg.cn/upload/2015/09/25/3/timeline_card_small_video_default.png""></span></i><span class=""surl-text"">人民日报的秒拍视频</a><br/>（来源：狼爸爸） ​​​"
12-03,https://m.weibo.cn/status/4180950998872417,"【打工者每月拿一半收入租房创办公益图书室，8年间供万名工友免费借阅<span class=""url-icon""><img src=""//h5.sinaimg.cn/m/emoticon/icon/others/l_xin-8e9a1a0346.png"" style=""width:1em;height:1em;"" alt=""[心]""></span>】8年前，在苏州打工的老全每月拿出一半收入租下间100平米的屋子，起名“工友图书室”。他说，打工者不能像机器一样，也需要精神追求。于是8年间，先后有一万多名工友在这里免费借阅，并创作诗歌1000多篇。<a data-url=""http://t.cn/RYW3trh"" href=""http://miaopai.com/show/da49YT92f-7tnI8Yjn7CybWaXxGK8n91nIgAiw__.htm?containerid=230442f9ed6475249c72fc5d77ad45ecf9004f&showurl=http%3A%2F%2Fmiaopai.com%2Fshow%2Fda49YT92f-7tnI8Yjn7CybWaXxGK8n91nIgAiw__.htm&url_open_direct=1&toolbar_hidden=1&url_type=39&object_type=video&pos=1&luicode=10000011&lfid=1076032803301701&ep=FxXU7Be7v%2C2803301701%2CFxXU7Be7v%2C2803301701"" data-hide=""""><span class=""url-icon""><img src=""https://h5.sinaimg.cn/upload/2015/09/25/3/timeline_card_small_video_default.png""></span></i><span class=""surl-text"">蟹视频的秒拍视频</a> ​​​"
12-04,https://m.weibo.cn/status/4181149536016998,"【迈向<a class='k' href='https://m.weibo.cn/k/%E9%9B%B6%E6%B1%A1%E6%9F%93%E5%9C%B0%E7%90%83?from=feed'>#零污染地球#</a>】保护环境，实现可持续发展已成为全世界的时代主题之一。在关注环保，关注公益的同时，很多人也在疑惑：怎样做才是公益？面对这个问题，<a href='https://m.weibo.cn/n/李晨'>@李晨</a> 说：“公益，就是我们生活当中随手可做的一件善事”。从身边事做起，改变现状需你我一起努力↓<a data-url=""http://t.cn/RYY28Ku"" href=""http://miaopai.com/show/RpFqXKZH4ZrYJ7tIusH~RNKn-YLsGnXqQsmzGQ__.htm?containerid=230442ff352aa2c6ef0908578bfc5b1be9c93c&showurl=http%3A%2F%2Fmiaopai.com%2Fshow%2FRpFqXKZH4ZrYJ7tIusH%7ERNKn-YLsGnXqQsmzGQ__.htm&url_open_direct=1&toolbar_hidden=1&url_type=39&object_type=video&pos=1&luicode=10000011&lfid=1076032803301701&ep=Fy34lpfim%2C2803301701%2CFy34lpfim%2C2803301701"" data-hide=""""><span class=""url-icon""><img src=""https://h5.sinaimg.cn/upload/2015/09/25/3/timeline_card_small_video_default.png""></span></i><span class=""surl-text"">人民日报的秒拍视频</a>行动起来，保护地球！ ​​​"
12-04,https://m.weibo.cn/status/4181142880570886,【一起补节语文课！“一读就错”的汉字，你能读对几个？】女娲（wā）不读女娲（wō）、单（chán）于不读单（dān）于、叱咤（zhà）不读叱咤（chà）…日常生活中有许多容易读错的字，一不小心就会闹笑话！帮你整理了一份易读错的字词表↓↓包括地名、姓氏、成语、人名…自测不及格的，默默转起！ ​​​
12-04,https://m.weibo.cn/status/4181286140444392,"【肥牛金针菇的做法<span class=""url-icon""><img src=""//h5.sinaimg.cn/m/emoticon/icon/default/d_chanzui-ad3f4f182c.png"" style=""width:1em;height:1em;"" alt=""[馋嘴]""></span>】色香味俱全的一道家常美食，做法简单又好吃，不容错过！吃货们转存试试吧！(天天美食推荐) ​​​"
12-04,https://m.weibo.cn/status/4181273959989915,"【转存！旧毛衣实用改造法】旧毛衣竟然还有这波操作！就看你舍不舍得下剪刀了<span class=""url-icon""><img src=""//h5.sinaimg.cn/m/emoticon/icon/default/d_heiheihei-c1027e7c02.png"" style=""width:1em;height:1em;"" alt=""[笑而不语]""></span>转存试试吧~<a data-url=""http://t.cn/RY0fOzQ"" href=""http://miaopai.com/show/V37oJ~LQhrNRq0Mqi7o~brS3oS0WlnD5RW4Kiw__.htm?containerid=230442cab94efebd5252a4b1798de7bbec68ac&showurl=http%3A%2F%2Fmiaopai.com%2Fshow%2FV37oJ%7ELQhrNRq0Mqi7o%7EbrS3oS0WlnD5RW4Kiw__.htm&url_open_direct=1&toolbar_hidden=1&url_type=39&object_type=video&pos=1&luicode=10000011&lfid=1076032803301701&ep=Fy6j1FUPF%2C2803301701%2CFy6j1FUPF%2C2803301701"" data-hide=""""><span class=""url-icon""><img src=""https://h5.sinaimg.cn/upload/2015/09/25/3/timeline_card_small_video_default.png""></span></i><span class=""surl-text"">胡椒视频的秒拍视频</a> ​​​"
12-03,https://m.weibo.cn/status/4180944460360740,"【今晚！<a class='k' href='https://m.weibo.cn/k/%E8%B6%85%E7%BA%A7%E6%9C%88%E4%BA%AE%E6%9D%A5%E5%95%A6?from=feed'>#超级月亮来啦#</a>！<span class=""url-icon""><img src=""//h5.sinaimg.cn/m/emoticon/icon/others/l_xin-8e9a1a0346.png"" style=""width:1em;height:1em;"" alt=""[心]""></span>】今晚，“超级月亮”再现天空。这次的超级月亮不仅是今年最大的满月，也是近80年来的第八大满月。与一般满月相比，超级月亮看起来明显更大，亮度则会高出30%。天文学家称，今晚的满月也将是2017年最后一次满月。<a data-url=""http://t.cn/RYWZcCk"" href=""http://media.weibo.cn/article?object_id=1022%3A2309351000024180822906278045&url_type=39&object_type=article&pos=1&luicode=10000011&lfid=1076032803301701&id=2309351000024180822906278045&ep=FxXJA1vQo%2C2803301701%2CFxXJA1vQo%2C2803301701"" data-hide=""""><span class=""url-icon""><img src=""https://h5.sinaimg.cn/upload/2015/09/25/3/timeline_card_small_article_default.png""></span></i><span class=""surl-text"">“超级月亮”将在全球各地现身 系今年最大满月(图)</a> 你想@ 谁一起赏月？ ​​​"
12-04,https://m.weibo.cn/status/4181135321956323,【从出生到年老，从婚姻到职场，这些法律知识你要知道！】①消费者网购有权七日内退货；②网盘涉淫秽信息可追刑责；③醉酒驾车五年内不得重新取得驾驶证；④不得设立实施义务教育的营利性民办学校；⑤胎儿享受遗产继承、接受赠与的民事权利…今天，全国法制宣传日，与你相关的法律知识↓↓学习，转发！ ​​​
12-04,https://m.weibo.cn/status/4181127776835357,【勤奋不是马不停蹄，而是有效利用手头的时间】低质量的勤奋，不过是营造一个“我很努力”的幻觉。唯有沉下心来，抽丝剥茧地去思考、去解决，才能获得真正的提升。12月，即将迎来国考、四六级、考研。及时回顾所学内容、经常测试自己、把知识组块化…10种高效学习方法↓↓助你备考事半功倍，早安！ ​​​
